Estampado,Precio,Ventas
Floral,$290.00,100
Floral,$145.53,17
Liso,$155.54,15
Floral,$209.44,1000
Floral,$133.59,12
Floral,$308.06,600
Liso,$55.00,20
Generico,$173.74,700
Floral,$341.00,10
Floral,$219.00,900
Liso,$118.26,26
Liso,$162.79,15
Liso,$170.00,800
Floral,$121.36,80
Generico,$171.00,300
Combinado,$197.00,100
Liso,$198.00,100
Liso,$339.45,10
Generico,$244.13,10
Floral,$161.33,1000
Geometrico,$195.78,24
Liso,$227.76,10
Geometrico,$175.00,200
Combinado,$227.76,19
Liso,$135.78,22
Floral,$198.00,200
Floral,$246.40,100
Liso,$350.40,60
Liso,$265.50,400
Geometrico,$149.38,900
Geometrico,$176.00,400
Combinado,$260.61,200
Floral,$146.88,17
Liso,$189.07,16
Floral,$131.00,10
Liso,$181.72,13
Liso,$389.09,80
Generico,$195.00,20
Floral,$262.57,800
Floral,$183.00,200
Liso,$216.08,100
Floral,$221.92,10
Geometrico,$217.91,300
Floral,$200.75,1000
Combinado,$179.58,800
Generico,$120.45,35
Floral,$374.00,100
Liso,$194.00,100
Liso,$181.04,22
Floral,$223.38,20
Geometrico,$363.00,100
Combinado,$193.00,100
Combinado,$196.37,300
Floral,$231.00,900
Liso,$280.28,500
Geometrico,$196.00,20
Floral,$146.30,15
Liso,$164.25,23
Combinado,$203.00,300
Liso,$176.66,18
Liso,$171.00,31
Floral,$236.52,600
Floral,$325.00,600
Floral,$189.00,500
Liso,$253.38,700
Liso,$199.43,17
Floral,$315.36,900
Floral,$272.00,500
Geometrico,$196.00,14
Combinado,$159.12,20
Floral,$246.00,300
Geometrico,$178.12,500
Floral,$181.04,25
Floral,$185.57,900
Floral,$220.22,300
Liso,$210.00,300
Geometrico,$183.96,16
Floral,$333.41,15
Liso,$297.99,500
Floral,$154.76,16
Floral,$192.00,400
Floral,$178.64,400
Floral,$187.11,12
Combinado,$383.46,900
Liso,$151.84,10
Combinado,$197.00,100
Floral,$155.00,100
Floral,$208.00,800
Liso,$186.00,300
Combinado,$246.01,11
Liso,$170.82,800
Floral,$200.00,900
Liso,$344.96,300
Floral,$243.32,900
Generico,$226.38,300
Geometrico,$197.89,600
Combinado,$191.20,400
Liso,$213.35,200
Liso,$243.00,300
Floral,$257.95,100
Floral,$192.50,200
Floral,$190.96,300
Geometrico,$168.63,900
Geometrico,$209.00,300
Liso,$135.05,1000
Liso,$208.05,100
Floral,$191.26,20
Generico,$159.00,100
Geometrico,$357.00,40
Floral,$221.92,400
Floral,$213.00,200
Generico,$203.00,200
Geometrico,$241.00,100
Floral,$197.83,16
Floral,$93.00,60
Liso,$507.00,400
Liso,$221.19,11
Liso,$214.62,100
Liso,$530.00,10
Liso,$396.00,1000
Liso,$453.00,1000
Liso,$380.00,1000
Liso,$372.00,100
Liso,$395.00,1000
Liso,$291.00,70
Liso,$438.00,1000
Liso,$623.00,1000
Geometrico,$438.00,20
Liso,$327.00,10
Liso,$242.00,1000
Combinado,$650.00,1000
Floral,$331.00,200
Liso,$226.00,1000
Liso,$257.00,1000
Liso,$505.00,1000
Combinado,$595.00,10
Liso,$378.00,10
Liso,$442.00,1000
Liso,$621.00,10
Combinado,$512.00,1000
Liso,$710.00,1000
Liso,$226.00,100
Liso,$297.00,1000
Liso,$448.00,1000
Liso,$349.00,1000
Liso,$285.00,1000
Geometrico,$530.00,1000
Liso,$531.00,1000
Liso,$319.00,30
Liso,$246.00,90
Geometrico,$487.00,1000
Geometrico,$587.00,1000
Geometrico,$427.00,1000
Liso,$511.00,1000
Liso,$246.00,10
Combinado,$563.00,1000
Floral,$670.00,1000
Liso,$288.00,1000
Liso,$530.00,1000
Liso,$311.00,30
Liso,$453.00,1000
Liso,$531.00,1000
Liso,$389.00,1000
Liso,$396.00,1000
Liso,$549.00,1000
Liso,$382.00,1000
Liso,$340.00,1000
Liso,$364.00,10
Liso,$349.00,1000
Liso,$366.00,1000
Liso,$344.00,1000
Combinado,$530.00,1000
Floral,$279.00,1000
Liso,$527.00,1000
Liso,$448.00,1000
Liso,$265.00,1000
Geometrico,$452.00,40
Liso,$244.00,60
Liso,$290.00,20
Liso,$298.00,1000
Liso,$541.00,1000
Liso,$389.00,100
Liso,$428.00,1000
Combinado,$600.00,1000
Liso,$441.00,1000
Liso,$262.00,20
Liso,$426.00,1000
Floral,$363.00,10
Geometrico,$451.00,10
Liso,$354.00,1000
Liso,$369.00,10
Liso,$232.00,10
Liso,$603.00,1000
Geometrico,$411.00,10
Geometrico,$835.00,60
Liso,$214.00,1000
Liso,$331.00,30
Geometrico,$449.00,1000
Liso,$422.00,1000
Liso,$529.00,1000
Liso,$544.00,1000
Liso,$473.00,20
Liso,$614.00,1000
Combinado,$321.00,1000
Liso,$393.00,10
Combinado,$348.00,1000
Combinado,$417.00,1000
Liso,$439.00,1000
Liso,$531.00,1000
Liso,$307.00,10
Liso,$490.00,1000
Combinado,$516.00,1000
Liso,$282.00,1000
Geometrico,$336.00,1000
Liso,$267.00,10
Liso,$287.00,1000
Liso,$585.00,1000
Liso,$510.00,10
Liso,$318.00,1000
Combinado,$624.00,1000
Liso,$445.00,1000
Liso,$429.00,20
Liso,$379.00,1000
Liso,$341.00,10
Liso,$412.00,60
Liso,$382.00,40
Liso,$306.00,10
Liso,$536.00,1000
Combinado,$267.00,1000
Geometrico,$264.00,10
Liso,$384.00,30
Geometrico,$698.00,1000
Geometrico,$441.00,1000
Liso,$583.00,20
Liso,$303.00,1000
Liso,$526.00,1000
Combinado,$688.00,1000
Geometrico,$237.00,1000
Liso,$357.00,10
Liso,$513.00,1000
Liso,$305.00,1000
Liso,$308.00,60
Liso,$541.00,1000
Liso,$328.00,1000
Liso,$427.00,1000
Combinado,$201.00,1000
Liso,$231.00,10
Liso,$317.00,100
Liso,$379.00,10
Combinado,$300.00,10
Liso,$211.00,100
Combinado,$321.00,1000
Liso,$518.00,10
Liso,$579.00,1000
Liso,$593.00,1000
Liso,$288.00,1000
Liso,$460.00,1000
Liso,$563.00,50
Liso,$310.00,10
Liso,$300.00,1000
Liso,$237.00,1000
Liso,$255.00,1000
Liso,$550.00,1000
Liso,$404.00,40
Liso,$247.00,10
Combinado,$396.00,1000
Liso,$297.00,50
Combinado,$602.00,1000
Liso,$220.00,30
Liso,$326.00,70
Liso,$225.00,40
Liso,$488.00,1000
Liso,$238.00,1000
Combinado,$351.00,1000
Liso,$285.00,1000
Liso,$311.00,100
Liso,$304.00,10
Liso,$317.00,10
Liso,$323.00,1000
Liso,$406.00,1000
Liso,$556.00,1000
Combinado,$432.00,1000
Liso,$470.00,1000
Liso,$501.00,1000
Liso,$313.00,50
Liso,$412.00,70
Liso,$699.00,1000
Liso,$304.00,1000
Combinado,$330.00,1000
Liso,$588.00,1000
Combinado,$323.00,10
Liso,$348.00,30
Liso,$300.00,1000
Liso,$206.00,1000
Liso,$490.00,40
Liso,$358.00,1000
Liso,$278.00,1000
Geometrico,$331.00,200
Liso,$479.00,30
Geometrico,$249.00,1000
Geometrico,$413.00,1000
Geometrico,$246.00,20
Combinado,$358.00,30
Geometrico,$596.00,1000
Floral,$316.00,1000
Liso,$263.00,70
Liso,$509.00,1000
Liso,$237.00,100
Liso,$325.00,1000
Liso,$351.00,1000
Liso,$597.00,20
Geometrico,$270.00,20
Liso,$263.00,100
Liso,$142.00,20
Liso,$438.00,1000
Liso,$250.00,10
Liso,$551.00,1000
Liso,$407.00,10
Liso,$316.00,1000
Liso,$364.00,1000
Generico,$353.00,1000
Liso,$355.00,1000
Generico,$316.00,10
Geometrico,$399.00,1000
Liso,$330.00,1000
Liso,$332.00,1000
Liso,$651.00,1000
Liso,$320.00,50
Liso,$318.00,10
Liso,$737.00,1000
Liso,$373.00,20
Liso,$559.00,1000
Liso,$522.00,1000
Combinado,$261.00,1000
Liso,$377.00,1000
Liso,$621.00,1000
Floral,$579.00,1000
Liso,$363.00,40
Liso,$323.00,1000
Liso,$483.00,1000
Liso,$227.00,1000
Combinado,$522.00,1000
Liso,$479.00,1000
Liso,$386.00,1000
Liso,$466.00,1000
Geometrico,$653.00,1000
Floral,$376.00,1000
Liso,$380.00,10
Combinado,$354.00,1000
Liso,$464.00,1000
Liso,$465.00,1000
Floral,$309.00,1000
Liso,$328.00,1000
Liso,$417.00,1000
Liso,$464.00,1000
Liso,$413.00,1000
Liso,$325.00,1000
Liso,$409.00,20
Geometrico,$173.74,700
Liso,$257.48,600
Floral,$195.00,13
Floral,$325.00,600
Geometrico,$217.91,300
Combinado,$158.00,20
Liso,$675.00,1000
Floral,$221.00,19
Floral,$289.52,600
Liso,$189.00,800
Floral,$121.36,80
Geometrico,$197.89,600
Geometrico,$168.63,900
Floral,$208.00,800
Generico,$362.81,400
Liso,$168.00,12
Liso,$473.00,100
Liso,$186.00,300
Liso,$184.00,1000
Floral,$219.00,900
Geometrico,$147.90,200
Floral,$374.00,100
Liso,$243.00,300
Floral,$197.83,16
Liso,$379.10,300
Generico,$256.96,300
Combinado,$196.37,300
Geometrico,$349.67,200
Floral,$191.26,20
Liso,$154.76,700
Geometrico,$257.00,1000
Generico,$89.00,600
Liso,$507.00,400
Liso,$370.00,100
Generico,$232.54,400
Floral,$343.00,80
Liso,$358.43,50
Floral,$443.00,700
Combinado,$199.00,200
Floral,$183.00,200
Floral,$304.15,700
Geometrico,$193.00,400
Floral,$344.00,1000
Generico,$189.00,500
Floral,$178.50,80
Combinado,$392.00,300
Generico,$265.50,400
Generico,$198.00,900
Floral,$627.00,1000
Generico,$259.00,100
Generico,$92.40,500
Combinado,$214.00,500
Generico,$350.00,100
Floral,$195.00,40
Generico,$221.19,11
Generico,$357.00,400
Generico,$173.00,200
Generico,$344.96,300
Floral,$342.65,90
Geometrico,$241.00,100
Floral,$194.00,600
Generico,$372.80,600
Geometrico,$227.92,100
Floral,$93.00,60
Generico,$365.75,100
Floral,$349.60,400
Geometrico,$243.20,800
Generico,$226.38,300
Geometrico,$281.78,400
Generico,$492.00,50
Geometrico,$303.00,100
Floral,$166.00,14
Generico,$407.00,1000
Generico,$199.43,100
Generico,$401.00,100
Generico,$291.00,200
Floral,$228.69,400
Generico,$417.00,100
Combinado,$353.00,1000
Combinado,$159.12,20
Generico,$241.01,300
Generico,$389.09,80
Floral,$463.00,400
Generico,$202.00,200
Generico,$295.00,400
Generico,$75.00,100
Floral,$154.76,16
Floral,$313.39,700
Generico,$412.80,400
Combinado,$197.00,100
Generico,$278.00,10
Generico,$183.23,100
Combinado,$227.15,100
Combinado,$294.14,200
Floral,$178.85,10
Floral,$390.00,100
Generico,$177.00,20
Combinado,$244.80,300
Generico,$333.00,200
Generico,$330.33,200
Floral,$338.00,100
Generico,$300.03,300
Geometrico,$352.00,70
Generico,$267.96,80
Generico,$288.75,300
Floral,$211.70,200
Generico,$244.13,10
Generico,$189.00,300
Floral,$500.00,1000
Geometrico,$234.85,300
Floral,$385.00,300
Floral,$308.06,600
Floral,$254.00,100
Generico,$175.20,100
Combinado,$303.00,1000
Generico,$277.00,300
Generico,$299.00,200
Generico,$389.82,60
Combinado,$272.00,200
Combinado,$233.00,400
Floral,$390.00,100
Combinado,$244.80,300
Geometrico,$236.00,100
Floral,$333.41,300
Generico,$333.00,200
Generico,$330.33,200
Floral,$338.00,100
Generico,$300.03,300
Geometrico,$352.00,70
Generico,$267.96,80
Generico,$288.75,300
Floral,$211.70,200
Generico,$184.63,70
Generico,$244.13,10
Generico,$196.52,40
Generico,$189.00,300
Geometrico,$234.85,300
Floral,$385.00,300
Floral,$308.06,600
Floral,$254.00,100
Generico,$175.20,100
Generico,$277.00,300
Generico,$299.00,200
Generico,$389.82,60
Combinado,$284.00,300
Generico,$464.00,70
Combinado,$272.00,200
Combinado,$233.00,400
Generico,$195.00,20
Floral,$187.00,200
Floral,$232.87,500
Generico,$370.00,100
Generico,$221.00,200
Geometrico,$175.00,200
Geometrico,$215.60,200
Floral,$254.00,100
Generico,$299.00,300
Generico,$188.65,500
Generico,$246.40,100
Generico,$276.00,90
Generico,$350.40,60
Generico,$215.20,300
Floral,$626.00,200
Floral,$458.00,90
Generico,$183.00,100
Floral,$375.30,700
Generico,$208.78,200
Combinado,$199.20,400
Floral,$290.00,100
Generico,$278.13,200
Geometrico,$258.00,200
Generico,$210.00,10
Generico,$203.00,200
Floral,$148.80,300
Floral,$274.00,200
Generico,$243.00,1000
Generico,$273.00,100
Generico,$458.15,200
Generico,$392.00,40
Generico,$220.99,200
Floral,$164.00,400
Generico,$176.66,18
Generico,$307.20,600
Generico,$309.00,90
Floral,$310.00,100
Floral,$661.00,100
Generico,$469.80,200
Generico,$281.78,200
Generico,$221.00,500
Generico,$297.00,40
Generico,$248.00,100
Combinado,$176.00,1000
Generico,$164.25,23
Generico,$279.00,600
Generico,$294.00,200
Generico,$473.00,1000
Generico,$98.00,100
Floral,$207.00,200
Geometrico,$195.00,300
Floral,$394.00,70
Geometrico,$324.17,80
Geometrico,$278.00,300
Generico,$367.00,200
Generico,$166.00,600
Generico,$299.00,100
Generico,$541.00,50
Generico,$408.87,100
Floral,$410.00,70
Generico,$279.00,300
Generico,$247.94,100
Generico,$234.08,200
Generico,$433.00,100
Generico,$248.00,200
Generico,$460.63,300
Generico,$612.92,900
Floral,$265.00,100
Generico,$252.00,300
Floral,$357.00,200
Generico,$224.00,15
Generico,$181.72,13
Generico,$366.00,100
Generico,$434.28,50
Geometrico,$492.00,1000
Generico,$258.40,200
Generico,$288.15,30
Generico,$365.00,100
Generico,$328.02,90
Generico,$575.00,100
Floral,$263.00,400
Floral,$386.00,100
Geometrico,$363.00,100
Generico,$487.41,100
Geometrico,$290.00,200
Generico,$142.45,700
Combinado,$191.20,400
Generico,$162.79,19
Generico,$387.00,90
Geometrico,$463.00,100
Generico,$341.64,80
Generico,$266.00,70
Generico,$577.00,1000
Generico,$184.63,70
Generico,$427.00,50
Generico,$349.00,50
Generico,$464.00,70
Generico,$342.00,1000
Combinado,$214.00,1000
Floral,$458.00,90
Generico,$210.00,10
Generico,$392.00,40
Generico,$309.00,90
Generico,$702.00,1000
Combinado,$314.00,10
Generico,$524.00,10
Generico,$473.00,1000
Generico,$311.85,20
Generico,$349.00,300
Generico,$267.00,1000
Generico,$267.96,200
Generico,$291.00,30
Generico,$548.00,100
Floral,$410.00,70
Geometrico,$492.00,1000
Generico,$267.00,1000
Generico,$288.15,30
Generico,$487.41,100
Floral,$258.00,90
Floral,$436.00,70
Generico,$490.00,100
Generico,$294.95,1000
Combinado,"$1,050.00",1000
Generico,$267.20,100
Generico,$343.00,80
Floral,$221.76,800
Generico,$339.45,10
Geometrico,$306.00,1000
Combinado,$216.08,41
Floral,$291.06,900
Floral,$246.01,800
Generico,$266.00,300
Generico,$275.00,200
Combinado,$374.00,1000
Geometrico,$235.00,28
Generico,$184.03,25
Generico,$164.00,500
Generico,$349.58,900
Floral,$303.00,600
Generico,$404.00,1000
Floral,$532.07,200
Floral,$471.58,600
Generico,$259.15,800
Floral,$164.78,10
Geometrico,$281.35,100
Combinado,$455.00,1000
Generico,$298.57,10
Generico,$142.45,100
Floral,$264.26,700
Generico,$363.00,100
Generico,$171.00,300
Combinado,$312.00,1000
Generico,$328.02,600
Combinado,$157.68,16
Floral,$184.03,300
Generico,$177.87,900
Generico,$295.00,200
Generico,"$1,260.00",1000
Combinado,$187.88,800
Geometrico,$132.00,200
Generico,$261.00,13
Floral,$204.00,300
Geometrico,$223.20,300
Generico,$404.00,1000
Floral,$283.00,400
Generico,$318.78,50
Generico,$196.52,40
Generico,$247.00,400
Generico,$537.00,100
Combinado,$234.00,1000
Geometrico,$263.00,400
Geometrico,$161.70,39
Generico,$297.00,400
Generico,$220.99,600
Generico,$299.30,400
Floral,$362.00,1000
Generico,$167.90,900
Geometrico,$216.81,300
Geometrico,$256.41,500
Combinado,$226.30,12
Geometrico,$284.90,100
Generico,$237.00,1000
Generico,$238.71,12
Geometrico,$180.00,900
Generico,$411.18,200
Floral,$178.64,400
Generico,$255.75,21
Floral,$500.00,1000
Geometrico,$351.00,300
Floral,$356.00,200
Generico,$224.11,600
Generico,$152.55,300
Floral,$253.33,300
Generico,$375.00,1000
Combinado,$286.44,100
Geometrico,$246.00,30
Generico,$321.00,200
Generico,$207.00,10
Generico,$195.64,600
Floral,$280.00,1000
Combinado,$250.00,600
Combinado,$193.00,100
Floral,$251.02,90
Floral,$233.00,300
Floral,$392.70,200
Geometrico,$358.00,1000
Geometrico,$193.45,500
Geometrico,$337.00,300
Generico,$376.68,200
Floral,$516.00,100
Floral,$314.16,600
Combinado,$270.00,1000
Geometrico,$393.30,200
Floral,$192.50,200
Generico,$312.44,300
Generico,$358.05,200
Floral,$204.00,300
Generico,$559.00,1000
Generico,$276.00,16
Generico,$194.25,10
Generico,$320.32,700
Generico,$217.14,100
Combinado,$249.48,200
Floral,$473.00,1000
Floral,$262.07,200
Generico,$209.00,200
Generico,$373.00,400
Combinado,$335.00,400
Generico,$176.00,600
Floral,$809.00,1000
Geometrico,$260.10,300
Geometrico,$175.20,400
Floral,$190.96,300
Generico,$335.00,60
Generico,$286.00,80
Generico,"$5,426.00",1000
Combinado,$300.76,100
Combinado,$220.00,500
Generico,$268.60,800
Generico,$173.00,10
Combinado,$169.40,100
Generico,$563.00,1000
Floral,$275.66,400
Generico,$262.00,700
Generico,$253.00,100
Generico,$543.00,100
Generico,$456.00,100
Floral,$563.00,1000
Generico,$217.91,400
Floral,$442.00,200
Generico,$257.00,300
Combinado,$260.61,200
Generico,$756.00,100
Floral,$296.00,1000
Generico,$330.00,600
Generico,$327.20,600
Generico,$606.00,70
Floral,$160.00,10
Generico,$353.00,100
Generico,$408.00,1000
Floral,$399.63,100
Floral,$258.00,300
Generico,$371.57,100
Combinado,$277.00,300
Floral,$193.00,200
Generico,$374.00,1000
Geometrico,$224.84,800
Generico,$420.00,50
Generico,$229.22,700
Floral,$267.00,70
Floral,$246.00,300
Generico,$432.00,1000
Combinado,$337.50,200
Generico,$187.00,400
Generico,$232.80,700
Generico,$155.20,100
Generico,$185.00,500
Generico,$389.00,1000
Generico,$365.00,200
Floral,$192.00,400
Generico,$200.90,600
Generico,$197.00,200
Geometrico,$203.67,100
Floral,$462.00,1000
Generico,$151.69,400
Floral,$295.68,50
Geometrico,$282.00,100
Generico,$217.00,200
Generico,$268.73,14
Combinado,$432.00,1000
Floral,$191.00,100
Combinado,$197.00,900
Floral,$257.95,100
Generico,$531.00,100
Generico,$252.00,200
Combinado,$242.00,1000
Generico,$252.00,400
Floral,$169.00,100
Floral,$423.00,100
Floral,$410.00,100
Floral,$248.71,80
Generico,$216.00,1000
Geometrico,$294.14,100
Generico,$290.00,400
Combinado,$225.61,300
Generico,$277.95,700
Floral,$258.00,300
Floral,$589.00,1000
Floral,$273.00,700
Generico,$219.00,900
Combinado,$291.27,600
Generico,$676.00,300
Floral,$251.79,100
Generico,$375.00,1000
Generico,$299.00,200
Generico,$272.00,100
Generico,$177.39,200
Generico,$252.00,100
Generico,$280.00,100
Generico,$630.00,1000
Generico,$328.79,100
Generico,$396.00,60
Combinado,$341.00,200
Generico,$380.00,80
Combinado,$206.00,80
Floral,$501.00,1000
Floral,$200.00,900
Combinado,$322.63,200
Floral,$183.00,100
Generico,$493.00,400
Generico,$113.90,700
Generico,$404.00,1000
Floral,$264.11,200
Generico,$437.00,300
Generico,$332.00,40
Generico,$395.00,100
Combinado,$553.00,60
Geometrico,$278.00,1000
Generico,$209.00,300
Generico,$210.24,600
Floral,$243.09,100
Combinado,$203.67,200
Floral,$382.00,200
Combinado,$357.00,1000
Generico,$339.20,11
Generico,$793.00,40
Generico,$198.00,100
Geometrico,$156.00,13
Combinado,$177.87,10
Combinado,$234.00,1000
Generico,$974.10,20
Combinado,$473.40,100
Generico,$218.00,100
Generico,$371.00,90
Generico,$361.00,60
Generico,$237.00,1000
Floral,$312.00,80
Floral,$211.00,600
Floral,$311.00,100
Combinado,$125.51,90
Generico,$426.58,300
Generico,$285.00,1000
Floral,$275.00,200
Floral,$267.20,200
Generico,$313.60,100
Generico,$267.96,20
Generico,$281.35,100
Generico,$375.00,1000
Combinado,$242.55,60
Generico,$381.79,100
Generico,$386.00,20
Generico,$271.00,90
Generico,$431.00,1000
Floral,$239.44,500
Floral,$299.00,40
Generico,$283.24,200
Generico,$230.40,100
Floral,$251.02,50
Geometrico,$358.00,1000
Generico,$562.00,10
Generico,$368.90,100
Generico,$387.31,90
Floral,$244.00,100
Generico,$341.00,40
Generico,$276.00,1000
Generico,$423.30,90
Generico,$193.60,19
Generico,$361.00,100
Generico,$283.00,90
Generico,$275.00,70
Generico,$168.00,1000
Generico,$223.30,90
Generico,$126.72,400
Floral,$341.88,80
Floral,$341.00,200
Combinado,$150.38,35
Combinado,$386.00,1000
Generico,$210.00,300
Combinado,$251.00,300
Generico,$415.00,20
Generico,$403.00,90
Generico,$246.00,200
Generico,$287.00,1000
Generico,$200.00,400
Generico,$305.60,100
Floral,$238.71,400
Generico,$171.00,200
Geometrico,$176.00,400
Generico,$470.00,1000
Generico,$336.00,60
Floral,$371.00,100
Generico,$419.05,100
Floral,$304.80,300
Combinado,$169.00,70
Generico,$542.00,1000
Generico,$416.00,90
Generico,$470.00,40
Generico,$159.87,100
Floral,$180.00,100
Generico,$281.00,100
Generico,"$1,037.00",1000
Generico,$216.08,100
Floral,$310.00,100
Generico,$499.20,80
Floral,$343.80,100
Generico,$342.00,70
Generico,$346.00,1000
Floral,$313.00,90
Generico,$295.00,80
Generico,$213.29,100
Combinado,$264.00,100
Combinado,$336.00,100
Generico,$272.00,1000
Generico,$274.00,200
Generico,$147.05,800
Geometrico,$286.89,400
Generico,$198.00,300
Generico,$579.00,50
Floral,$340.00,1000
Geometrico,$275.00,60
Floral,$347.00,40
Combinado,$339.00,100
Generico,$160.68,100
Generico,$259.20,200
Combinado,$214.00,1000
Generico,$213.35,200
Combinado,$218.27,30
Floral,$353.00,70
Generico,$651.00,60
Generico,$313.00,400
Floral,$563.00,1000
Geometrico,$272.00,200
Generico,$180.00,100
Geometrico,$354.00,60
Generico,$243.00,100
Geometrico,$267.00,1000
Generico,$287.00,200
Generico,$294.00,60
Floral,$215.00,100
Generico,$383.00,90
Generico,$337.60,200
Floral,$483.00,1000
Generico,$464.00,90
Floral,$243.00,80
Generico,$402.00,30
Generico,$392.00,90
Generico,$397.32,100
Generico,$374.00,1000
Generico,$383.00,90
Floral,$246.00,200
Floral,$370.00,100
Floral,$420.00,50
Generico,$120.45,35
Generico,$392.00,1000
Generico,$336.49,20
Floral,$219.00,300
Floral,$366.00,80
Combinado,$258.00,100
Floral,$141.10,80
Generico,$537.00,1000
Generico,"$1,029.00",20
Floral,$281.35,300
Combinado,$180.80,46
Generico,$434.00,100
Floral,$460.00,100
Combinado,$344.00,1000
Generico,$253.00,100
Generico,$358.00,20
Generico,$481.00,80
Generico,"$1,181.00",40
Generico,$463.00,100
Generico,$389.00,1000
Floral,$448.00,70
Generico,$148.19,18
Geometrico,$231.42,300
Generico,$278.00,200
Generico,$428.40,10
Floral,$460.00,1000
Generico,$502.00,10
Floral,$314.93,11
Generico,$209.00,60
Floral,$485.00,50
Combinado,$405.60,90
Generico,$166.00,1000
Combinado,$273.00,10
Combinado,$402.00,30
Generico,$420.00,100
Generico,$227.20,500
Floral,$131.00,10
Generico,$354.00,1000
Floral,$622.16,30
Generico,$459.00,100
Combinado,$203.00,300
Generico,$894.00,10
Generico,$389.00,300
Generico,$358.00,1000
Generico,$69.00,200
Generico,$271.00,40
Generico,$221.76,300
Geometrico,$260.26,600
Generico,$712.00,30
Generico,$209.00,1000
Generico,$539.00,10
Generico,$190.00,100
Generico,$129.00,1000
Floral,$240.00,70
Generico,$398.00,30
Generico,$363.00,1000
Geometrico,$648.00,40
Generico,$199.00,10
Generico,$426.00,1000
Generico,$326.00,70
Generico,$214.88,100
Floral,$361.00,1000
Generico,$506.00,20
Generico,$202.00,200
Generico,$412.00,10
Floral,$198.00,200
Generico,$990.00,40
Generico,$630.00,1000
Floral,$172.28,900
Floral,$189.00,500
Generico,$391.00,200
Generico,$343.00,1000
Generico,$326.00,20
Generico,$310.00,1000
Generico,$462.00,1000
Generico,$222.65,60
Floral,$307.23,200
Generico,$328.80,100
Floral,$162.79,18
Generico,$375.00,1000
Generico,$119.00,60
Combinado,$149.00,17
Geometrico,$390.00,100
Generico,$395.00,1000
Generico,$255.20,100
Floral,$501.00,1000
Generico,$231.00,300
Generico,$200.00,1000
Geometrico,$382.00,100
Generico,$191.00,1000
Generico,$371.00,90
Floral,$243.00,1000
Floral,$398.00,50
Generico,$287.00,50
Geometrico,$153.00,10
Generico,$341.00,200
Geometrico,$296.00,1000
Generico,$344.96,50
Generico,$337.00,40
Geometrico,$201.00,200
Generico,$465.00,70
Floral,$576.00,1000
Floral,$590.00,1000
Generico,$865.80,40
Generico,$284.00,100
Generico,$374.00,200
Generico,$270.00,100
Geometrico,$341.00,400
Generico,$730.00,1000
Generico,$237.98,200
Generico,$455.00,100
Generico,$344.96,100
Floral,$395.00,10
Generico,$289.00,200
Geometrico,$295.00,1000
Floral,$375.00,10
Generico,$484.33,40
Generico,$328.00,20
Floral,$598.00,10
Generico,$216.00,30
Combinado,$427.00,1000
Generico,$382.69,90
Floral,$436.00,10
Generico,$445.06,100
Generico,$228.00,300
Generico,$437.60,70
Geometrico,$257.00,1000
Geometrico,$273.00,1000
Generico,$321.00,50
Generico,$840.00,1000
Generico,$340.00,1000
Generico,$385.90,1000
Generico,$168.30,100
Floral,$297.00,100
Generico,$264.47,70
Generico,$173.00,30
Floral,$99.99,10
Generico,$288.00,1000
Generico,$259.00,1000
Generico,$205.00,1000
Generico,$564.00,1000
Floral,$196.00,1000
Combinado,$299.00,1000
Generico,$520.00,1000
Floral,$538.00,1000
Floral,$567.00,1000
Generico,$346.00,1000
Generico,$297.00,1000
Floral,$415.65,1000
Generico,$374.00,1000
Combinado,$413.00,1000
Floral,$640.00,1000
Generico,$669.00,1000
Floral,$220.00,1000
Combinado,$405.00,1000
Generico,$536.00,1000
Floral,$313.00,1000
Generico,$248.00,200
Generico,$260.10,90
Generico,$274.48,100
Floral,$275.00,300
Generico,$361.00,50
Generico,$466.00,1000
Generico,$328.00,10
Geometrico,$187.00,100
Floral,$316.00,1000
Combinado,$240.24,15
Floral,$209.44,10
Floral,$218.00,500
Generico,$177.87,26
Generico,$181.04,38
Combinado,$197.00,900
Combinado,$453.00,100
Generico,$207.00,15
Floral,$394.00,200
Floral,$209.44,30
Floral,$226.00,400
Generico,$154.03,300
Generico,$299.00,500
Generico,$197.89,600
Generico,$199.43,17
Floral,$189.00,600
Floral,$155.00,80
Generico,$316.47,300
Floral,$181.77,200
Combinado,$197.00,100
Floral,$247.00,400
Generico,$217.00,100
Generico,$142.45,15
Geometrico,$236.00,100
Floral,$333.41,300
Combinado,$284.00,300
Floral,$254.00,100
Generico,$299.00,300
Generico,$208.78,200
Generico,$203.00,200
Generico,$234.08,200
Generico,$181.72,13
Generico,$299.00,30
Generico,$142.45,700
Generico,$270.00,100
Generico,$433.00,100
Generico,$154.76,31
Generico,$180.31,13
Generico,$135.78,13
Generico,$162.79,700
Generico,$197.10,14
Generico,$334.34,10
Generico,$168.63,600
Generico,$296.38,900
Generico,$176.00,800
Floral,$133.59,800
Generico,$358.05,200
Generico,$177.87,300
Floral,$338.00,100
Floral,$310.00,900
Floral,$166.00,500
Generico,$272.00,300
Floral,$318.78,400
Generico,$208.78,15
Combinado,$189.42,500
Generico,$241.78,300
Generico,$168.63,900
Generico,$246.00,400
Geometrico,$227.92,100
Generico,$234.08,300
Floral,$187.11,400
Generico,$344.00,100
Generico,$233.60,900
Generico,$196.00,700
Combinado,$224.84,200
Generico,$299.00,300
Floral,$204.00,200
Generico,$240.00,600
Floral,$242.40,100
Geometrico,$236.30,900
Generico,$189.00,300
Generico,$299.00,200
Combinado,$275.00,200
Generico,$233.31,200
Generico,$149.60,400
Floral,$121.36,50
Generico,$489.72,100
Generico,$149.38,23
Generico,$300.00,200
Generico,$310.00,100
Generico,$376.00,100
Floral,$228.00,200
Generico,$238.00,300
Geometrico,$463.00,100
Generico,$275.00,200
Generico,$343.10,700
Generico,$390.00,300
Floral,$295.68,30
Combinado,$503.00,200
Generico,$305.69,100
Generico,$270.00,100
Generico,$227.20,200
Generico,$299.00,100
Generico,$507.00,80
Generico,$221.60,800
Generico,$165.71,18
Generico,$235.79,400
Floral,$277.00,30
Generico,$291.00,100
Generico,$436.90,100
Generico,$217.00,70
Generico,$294.00,50
Generico,$472.00,100
Generico,$358.82,100
Floral,$213.16,300
Floral,$342.65,80
Generico,$195.00,200
Generico,$185.57,100
Generico,$243.32,100
Generico,$175.20,17
Generico,$314.50,30
Generico,$217.14,90
Generico,$267.00,90
Floral,$194.00,100
Generico,$457.00,100
Geometrico,$256.41,400
Generico,$345.95,500
Generico,$318.40,200
Floral,$194.00,11
Generico,$436.00,80
Generico,$359.00,100
Generico,$299.00,1000
Generico,$199.00,10
Generico,$199.00,1000
Generico,$199.00,40
Generico,$154.44,200
Generico,$159.00,100
Floral,$99.99,10
Generico,$270.30,100
Generico,$275.00,100
Generico,$312.44,400
Generico,$254.04,50
Generico,$179.58,600
Generico,$401.00,60
Geometrico,$255.50,500
Geometrico,$368.00,30
Floral,$713.00,80
Generico,$217.00,600
Combinado,$350.00,200
Floral,$362.00,100
Geometrico,$321.00,100
Floral,$251.02,100
Floral,$302.61,800
Generico,$867.00,100
Generico,$208.05,100
Generico,$656.00,10
Generico,$579.00,80
Floral,$261.00,1000
Combinado,$210.21,11
Generico,$377.00,100
Generico,$367.00,1000
Floral,$189.00,400
Generico,$424.00,40
Generico,$264.00,300
Generico,$298.00,400
Generico,$179.41,60
Generico,$354.97,200
Generico,$218.00,1000
Generico,$344.96,100
Generico,$397.00,200
Generico,$357.00,40
Generico,$391.00,1000
Floral,$543.00,50
Generico,$279.00,100
Generico,$383.00,10
Generico,$189.55,200
Generico,$343.00,50
Generico,$296.45,300
Combinado,$254.00,80
Generico,$180.00,32
Generico,$233.75,200
Generico,$670.00,60
Geometrico,$225.00,33
Generico,$333.60,40
Generico,$507.00,30
Generico,$300.00,10
Floral,$155.20,200
Generico,$533.00,20
Floral,$272.00,500
Generico,$193.80,200
Floral,$212.43,300
Generico,$176.00,400
Combinado,$207.13,200
Generico,$333.00,80
Floral,$226.38,800
Generico,$335.00,100
Generico,$313.60,200
Generico,$211.00,600
Generico,$374.99,300
Generico,$576.00,100
Generico,$249.00,300
Generico,$324.94,200
Geometrico,$268.73,70
Generico,$310.00,200
Generico,$431.00,50
Floral,$242.55,200
Floral,$457.00,100
Generico,$437.00,60
Generico,$179.35,30
Generico,$246.00,400
Generico,$223.30,200
Generico,"$1,317.00",1000
Floral,$154.00,100
Generico,$541.00,80
Generico,$310.00,400
Generico,$191.25,200
Floral,$265.00,50
Floral,$468.93,100
Generico,$511.00,100
Generico,$510.30,300
Floral,$465.08,70
Generico,$514.00,20
Generico,$291.55,70
Geometrico,$99.00,1000
Generico,$264.47,30
Geometrico,$226.00,20
Generico,$663.85,90
Generico,$189.00,700
Floral,$291.00,200
Generico,$308.79,600
Generico,$321.00,100
Combinado,$159.14,60
Generico,$162.79,500
Floral,$290.00,80
Floral,$432.00,200
Generico,$334.00,100
Generico,$322.15,200
Generico,$647.00,30
Floral,$204.00,100
Generico,$217.00,13
Geometrico,$230.00,200
Generico,$186.34,50
Generico,$534.00,30
Generico,$553.00,70
Floral,$297.22,100
Floral,$252.00,400
Generico,$299.00,1000
Geometrico,$242.36,600
Generico,$467.00,20
Generico,$307.00,200
Generico,$157.60,100
Floral,$238.71,100
Generico,$387.00,80
Floral,$344.96,100
Generico,$539.00,10
Floral,$182.00,700
Generico,$192.00,300
Floral,$575.00,50
Floral,$220.22,200
Generico,$449.00,70
Generico,$186.00,50
Floral,$395.00,40
Floral,$240.00,100
Floral,$164.98,100
Geometrico,$234.33,900
Geometrico,$355.00,20
Generico,$212.52,14
Generico,$324.17,100
Generico,$448.00,10
Floral,$258.00,100
Floral,$291.06,100
Generico,$333.00,200
Generico,$276.00,30
Generico,$251.02,100
Floral,$819.00,1000
Combinado,$349.00,300
Generico,$198.40,20
Generico,$364.00,100
Generico,$344.96,200
Generico,$523.41,100
Floral,$469.00,40
Combinado,$388.00,200
Generico,$259.20,40
Generico,$317.00,50
Floral,$254.00,100
Generico,$359.00,60
Floral,$388.85,200
Geometrico,$255.64,19
Generico,$202.40,400
Generico,$318.28,100
Floral,$477.00,50
Generico,$183.26,800
Generico,$246.00,200
Generico,$197.00,70
Generico,$230.10,900
Generico,$229.00,40
Generico,$221.92,200
Generico,$368.00,20
Floral,$271.04,300
Generico,$308.06,60
Geometrico,$313.00,200
Combinado,$337.00,100
Generico,$490.49,90
Combinado,$187.00,80
Generico,$229.95,100
Geometrico,$348.80,90
Generico,$156.00,15
Floral,$223.00,50
Floral,$267.00,80
Generico,$358.00,600
Generico,$323.00,20
Combinado,$324.00,30
Generico,$275.00,100
Floral,$201.00,10
Generico,$368.00,100
Floral,$271.81,600
Generico,$780.00,20
Generico,$321.00,100
Generico,$431.20,100
Generico,$143.08,34
Generico,$395.00,40
Floral,$217.14,12
Floral,$208.67,100
Floral,$238.00,100
Floral,$182.00,400
Generico,$432.00,10
Generico,$321.09,100
Floral,$310.00,400
Combinado,"$1,029.00",20
Generico,$242.00,100
Floral,$288.00,70
Generico,$351.00,50
Floral,$278.74,300
Floral,$238.00,500
Combinado,$610.00,40
Geometrico,$273.35,100
Floral,$318.40,200
Generico,$375.76,100
Generico,$295.00,10
Generico,$558.57,100
Floral,$116.00,60
Generico,$368.00,80
Generico,$264.00,300
Generico,$405.00,100
Floral,$287.21,400
Generico,$234.33,90
Generico,$277.00,700
Geometrico,$223.00,70
Generico,$408.00,100
Combinado,$193.00,200
Floral,$324.17,400
Generico,$347.00,100
Geometrico,$132.86,37
Generico,$315.36,100
Combinado,$107.00,100
Floral,$257.95,100
Combinado,$232.20,30
Geometrico,$141.95,20
Generico,$253.00,200
Combinado,$438.00,80
Generico,$170.82,800
Generico,$391.00,100
Generico,$206.00,11
Generico,$481.00,50
Generico,$258.42,100
Generico,$233.60,100
Floral,$371.00,70
Generico,$408.00,800
Geometrico,$324.94,80
Generico,$272.00,100
Generico,$194.00,500
Generico,$116.61,10
Floral,$294.91,100
Floral,$194.18,800
Floral,$150.54,10
Generico,$484.00,80
Generico,$327.00,60
Generico,$277.00,500
Floral,$218.00,100
Geometrico,$417.60,300
Generico,$340.00,50
Generico,$540.00,50
Generico,$171.00,300
Combinado,$235.79,28
Floral,$187.98,100
Floral,$403.00,70
Floral,$251.79,30
Floral,$434.00,90
Floral,$153.00,300
Generico,$244.86,800
Generico,$232.14,30
Generico,$294.00,50
Floral,$270.40,300
Generico,$229.00,300
Generico,$177.00,300
Generico,$455.00,80
Floral,$477.00,100
Generico,$421.00,100
Floral,$193.00,100
Generico,$189.00,15
Generico,$196.00,900
Geometrico,$324.90,200
Generico,$242.00,100
Generico,$204.40,500
Generico,$172.00,200
Combinado,$284.00,200
Floral,$169.26,500
Generico,$335.80,17
Generico,$542.00,200
Geometrico,$227.92,70
Floral,$328.00,20
Generico,$210.21,200
Floral,$178.00,100
Generico,$403.00,10
Generico,$209.00,100
Generico,$284.00,200
Combinado,$250.00,20
Generico,$196.00,20
Geometrico,$293.00,100
Floral,$324.00,50
Generico,$357.00,100
Generico,$341.00,1000
Generico,$259.00,40
Generico,$271.00,100
Generico,$182.49,600
Generico,$381.00,100
Generico,$262.00,60
Combinado,$349.00,100
Generico,$247.00,11
Generico,$332.15,10
Generico,$421.00,30
Floral,$237.00,15
Floral,$249.00,10
Generico,$409.00,90
Floral,$758.00,1000
Floral,$256.41,500
Generico,$205.13,15
Generico,$170.00,100
Geometrico,$387.00,100
Floral,$336.00,60
Floral,$192.00,400
Generico,$436.54,40
Floral,$286.00,100
Floral,$146.00,900
Floral,$406.00,40
Geometrico,$337.26,800
Generico,$592.00,20
Floral,$103.23,10
Generico,$330.00,100
Combinado,$186.15,400
Floral,$439.00,100
Generico,$182.75,500
Generico,$277.95,40
Generico,$293.00,10
Generico,$472.00,10
Floral,$244.00,400
Generico,$465.00,70
Generico,$746.13,100
Floral,$431.00,40
Generico,$447.00,100
Generico,$294.00,60
Generico,$214.57,100
Generico,$262.57,80
Floral,$169.36,30
Floral,$233.31,800
Generico,$687.00,60
Generico,$113.90,300
Floral,$226.00,600
Generico,$251.00,100
Generico,$490.00,200
Generico,$177.39,37
Generico,$513.00,90
Combinado,$276.00,10
Geometrico,$196.00,20
Generico,$150.38,14
Generico,$567.49,200
Floral,$322.00,80
Generico,$241.00,400
Floral,$177.87,80
Generico,$308.00,200
Generico,$514.25,100
Generico,$274.00,100
Floral,$211.00,200
Generico,$253.00,300
Generico,$229.00,100
Floral,$612.85,1000
Generico,$138.40,20
Floral,$208.78,21
Geometrico,$431.00,70
Generico,$267.00,700
Generico,$521.00,100
Geometrico,$238.70,11
Floral,$445.00,90
Generico,$559.00,20
Generico,$241.01,100
Generico,$323.39,400
Generico,$448.00,20
Floral,$312.00,100
Generico,$603.00,1000
Generico,$409.00,60
Geometrico,$165.00,100
Combinado,$261.00,100
Generico,$282.00,100
Floral,$276.00,100
Generico,$237.00,900
Generico,$840.00,10
Floral,$177.00,700
Generico,$474.00,10
Generico,$351.00,200
Floral,$210.00,80
Floral,$317.00,100
Combinado,$355.30,400
Floral,$99.99,1000
Generico,$389.00,100
Combinado,$180.00,400
Generico,$244.00,12
Floral,$149.00,100
Floral,$232.00,300
Floral,$310.00,100
Generico,$447.30,100
Geometrico,$358.00,1000
Generico,$254.25,40
Floral,$242.55,200
Generico,$410.00,40
Floral,$491.00,200
Floral,$216.00,1000
Generico,$624.00,20
Generico,$215.00,100
Generico,$408.00,80
Geometrico,$544.00,70
Generico,$194.40,800
Generico,$302.61,200
Geometrico,$381.00,80
Combinado,$415.00,20
Generico,$374.99,300
Generico,$515.10,500
Generico,$319.01,100
Floral,$376.00,100
Geometrico,$223.00,200
Generico,$515.10,500
Generico,$319.01,100
Floral,$376.00,100
Geometrico,$223.00,200
Generico,$223.30,200
Floral,$357.00,100
Floral,$543.00,20
Generico,$238.89,50
Floral,$568.00,20
Generico,$268.00,100
Generico,$234.00,400
Generico,$344.96,100
Combinado,$990.00,30
Generico,$183.00,200
Generico,$422.00,200
Generico,$355.00,50
Generico,$282.40,100
Floral,$362.00,20
Geometrico,$348.00,20
Generico,$734.00,20
Floral,$177.10,12
Generico,$183.96,300
Generico,$244.00,42
Combinado,$103.05,100
Floral,$275.00,1000
Generico,$410.41,90
Generico,$269.60,500
Generico,$289.81,100
Generico,$493.00,10
Floral,$384.00,10
Generico,$371.00,70
Generico,$336.00,1000
Generico,$323.00,10
Generico,$286.00,20
Generico,$361.00,100
Generico,$233.28,30
Generico,$352.66,200
Generico,$208.00,700
Floral,$350.00,100
Generico,$328.00,30
Generico,$390.00,20
Generico,$412.00,70
Floral,$293.37,60
Generico,$464.00,1000
Generico,$198.00,100
Generico,$296.00,40
Combinado,$572.00,40
Floral,$201.00,800
Generico,$270.30,50
Floral,$196.00,500
Generico,$462.82,300
Combinado,$153.23,300
Generico,$217.00,400
Generico,$414.00,1000
Floral,$448.00,100
Combinado,$137.83,100
Generico,$202.40,300
Geometrico,$210.00,200
Floral,$457.00,500
Generico,$473.55,70
Generico,$144.50,200
Generico,$229.50,100
Generico,$327.00,500
Generico,$305.00,100
Geometrico,$504.00,100
Generico,$147.00,100
Generico,$482.00,90
Generico,$146.52,200
Generico,$158.00,12
Combinado,$206.00,200
Generico,$385.00,50
Generico,$196.00,200
Floral,$610.00,100
Floral,$221.92,400
Generico,$198.00,300
Combinado,$287.00,100
Generico,$419.00,50
Combinado,$180.00,800
Floral,$243.00,400
Generico,$168.00,200
Combinado,$346.00,100
Floral,$213.00,200
Generico,$350.00,100
Floral,$221.00,300
Generico,$225.00,100
Generico,$208.78,300
Floral,$344.96,200
Generico,$235.00,70
Generico,$208.25,40
Combinado,$191.99,15
Generico,$399.00,40
Generico,$378.00,200
Combinado,$430.00,10
Generico,$314.65,100
Generico,$375.00,50
Generico,$274.89,90
Floral,$392.70,300
Floral,$369.00,600
Generico,$419.00,50
Floral,$477.00,60
Geometrico,$231.00,800
Generico,$342.37,50
Generico,$289.81,100
Combinado,$384.71,400
Combinado,$197.00,50
Generico,$395.00,50
Generico,$702.00,1000
Combinado,$132.00,800
Generico,$157.00,19
Generico,$276.00,20
Generico,$224.00,300
Geometrico,$357.00,40
Generico,$297.00,50
Generico,$370.00,1000
Generico,$420.00,40
Floral,$185.00,600
Floral,$251.79,200
Combinado,$177.87,10
Generico,$173.25,200
Combinado,$277.97,1000
Generico,$153.60,12
Floral,$207.00,60
Floral,$429.00,50
Generico,$478.00,200
Generico,$460.00,10
Generico,$280.00,200
Generico,$388.00,90
Generico,$509.00,100
Generico,$257.95,30
Generico,$457.00,80
Combinado,$284.70,100
Generico,$685.00,10
Generico,$130.67,700
Generico,$275.00,200
Combinado,$416.00,30
Generico,$339.57,20
Floral,$384.00,100
Generico,$371.00,70
Geometrico,$268.64,30
Generico,$368.00,1000
Floral,$261.00,90
Generico,$329.00,40
Geometrico,$220.00,200
Generico,$249.00,200
Floral,$174.79,100
Generico,$262.00,30
Combinado,$324.00,20
Generico,$234.60,80
Floral,$374.99,60
Generico,$602.70,100
Floral,$184.80,12
Generico,$230.00,300
Combinado,$341.00,90
Floral,$387.31,200
Floral,$498.00,100
Combinado,$188.00,60
Combinado,$284.00,70
Generico,$764.00,100
Combinado,$386.17,800
Generico,$224.00,100
Generico,$494.00,80
Generico,$628.00,100
Geometrico,$267.00,60
Generico,$360.00,50
Generico,$621.00,1000
Floral,$79.55,10
Generico,$220.00,300
Generico,$138.70,800
Generico,$266.05,100
Generico,$429.00,100
Combinado,$356.00,40
Generico,$390.00,60
Generico,$170.85,100
Generico,$419.00,10
Generico,$199.43,200
Generico,$152.46,100
Geometrico,$213.89,25
Generico,$207.00,300
Generico,$341.11,70
Geometrico,$295.68,600
Generico,$299.00,100
Generico,$375.00,40
Floral,$304.00,60
Floral,$273.00,50
Geometrico,$202.00,300
Generico,$172.00,10
Generico,$309.00,50
Generico,$259.00,70
Floral,$281.00,50
Combinado,$166.40,200
Generico,$240.80,12
Floral,$259.25,40
Generico,$211.00,200
Geometrico,$193.00,500
Generico,$257.00,30
Generico,$282.00,60
Generico,$189.00,100
Generico,$264.11,100
Generico,$518.00,90
Combinado,$307.33,50
Floral,$213.16,200
Generico,$267.19,80
Generico,$225.00,200
Geometrico,$181.00,500
Generico,$387.00,90
Geometrico,$186.42,400
Generico,$330.00,100
Generico,$297.00,40
Generico,$367.92,200
Geometrico,$323.00,80
Generico,$581.00,80
Generico,$436.00,60
Combinado,$204.00,60
Generico,$242.55,200
Generico,$322.40,10
Floral,$243.00,700
Generico,$304.00,70
Generico,$429.00,20
Combinado,$244.00,30
Generico,$401.17,200
Generico,$194.00,100
Floral,$417.00,20
Floral,$367.00,20
Generico,$459.17,50
Floral,$191.73,100
Floral,$189.42,100
Floral,$809.00,30
Generico,$197.00,100
Generico,$221.92,300
Geometrico,$277.00,100
Generico,$750.00,1000
Floral,$165.60,700
Generico,$314.00,100
Generico,$305.00,90
Generico,$210.98,900
Combinado,$160.16,300
Combinado,$149.00,100
Generico,$266.00,10
Generico,$609.00,30
Generico,$195.00,26
Generico,$605.00,40
Combinado,$257.18,90
Generico,$318.78,80
Generico,$407.00,10
Floral,$409.64,400
Generico,$286.16,400
Generico,$220.80,70
Generico,$343.83,100
Combinado,$725.05,90
Generico,$229.22,32
Generico,$151.32,15
Generico,$203.00,11
Generico,$210.63,1000
Generico,$173.00,200
Generico,$153.60,12
Floral,$207.00,60
Floral,$429.00,50
Generico,$478.00,200
Generico,$460.00,10
Generico,$280.00,200
Generico,$388.00,90
Generico,$509.00,100
Generico,$257.95,30
Generico,$457.00,80
Combinado,$284.70,100
Generico,$685.00,10
Generico,$130.67,700
Generico,$275.00,200
Combinado,$416.00,30
Generico,$339.57,20
Floral,$384.00,100
Generico,$371.00,70
Geometrico,$268.64,30
Generico,$368.00,1000
Floral,$261.00,90
Generico,$329.00,40
Geometrico,$220.00,200
Generico,$249.00,200
Floral,$174.79,100
Generico,$262.00,30
Combinado,$324.00,20
Generico,$234.60,80
Floral,$374.99,60
Generico,$602.70,100
Floral,$184.80,12
Generico,$230.00,300
Combinado,$341.00,90
Floral,$387.31,200
Floral,$498.00,100
Combinado,$188.00,60
Combinado,$284.00,70
Generico,$764.00,100
Combinado,$386.17,800
Generico,$224.00,100
Generico,$494.00,80
Generico,$628.00,100
Geometrico,$267.00,60
Generico,$360.00,50
Generico,$621.00,1000
Floral,$79.55,10
Generico,$220.00,300
Generico,$138.70,800
Generico,$266.05,100
Generico,$429.00,100
Combinado,$356.00,40
Generico,$390.00,60
Generico,$170.85,100
Generico,$419.00,10
Generico,$199.43,200
Generico,$152.46,100
Geometrico,$213.89,25
Generico,$207.00,300
Generico,$341.11,70
Geometrico,$295.68,600
Generico,$299.00,100
Generico,$375.00,40
Floral,$304.00,60
Floral,$273.00,50
Geometrico,$202.00,300
Generico,$172.00,10
Generico,$309.00,50
Generico,$259.00,70
Floral,$281.00,50
Combinado,$166.40,200
Generico,$240.80,12
Floral,$259.25,40
Generico,$211.00,200
Geometrico,$193.00,500
Generico,$257.00,30
Generico,$282.00,60
Generico,$189.00,100
Generico,$264.11,100
Generico,$518.00,90
Combinado,$307.33,50
Floral,$213.16,200
Generico,$267.19,80
Generico,$225.00,200
Geometrico,$181.00,500
Generico,$387.00,90
Geometrico,$186.42,400
Generico,$330.00,100
Generico,$297.00,40
Generico,$367.92,200
Geometrico,$323.00,80
Generico,$581.00,80
Generico,$436.00,60
Combinado,$204.00,60
Generico,$242.55,200
Generico,$322.40,10
Floral,$243.00,700
Generico,$304.00,70
Generico,$429.00,20
Combinado,$244.00,30
Generico,$401.17,200
Generico,$194.00,100
Floral,$417.00,20
Floral,$367.00,20
Generico,$459.17,50
Floral,$191.73,100
Floral,$189.42,100
Floral,$809.00,30
Generico,$197.00,100
Generico,$221.92,300
Geometrico,$277.00,100
Generico,$750.00,1000
Floral,$165.60,700
Generico,$314.00,100
Generico,$305.00,90
Generico,$210.98,900
Combinado,$160.16,300
Combinado,$149.00,100
Generico,$266.00,10
Generico,$410.41,40
Generico,$424.00,100
Generico,$644.00,30
Generico,$459.00,100
Generico,$230.00,50
Floral,$301.60,50
Floral,$260.26,50
Generico,$424.00,200
Generico,$246.00,400
Generico,$155.54,30
Combinado,$229.46,600
Generico,$126.00,40
Geometrico,$370.00,100
Generico,$199.00,1000
Generico,$432.00,60
Generico,$178.12,23
Geometrico,$228.69,90
Generico,$259.00,100
Floral,$638.00,1000
Generico,$371.57,19
Generico,$478.00,10
Geometrico,$252.45,30
Generico,$505.00,10
Generico,$216.81,60
Generico,$302.61,500
Combinado,$149.00,400
Geometrico,$276.43,200
Geometrico,$452.00,20
Combinado,$283.00,70
Generico,$390.00,20
Combinado,$234.00,200
Generico,$199.00,400
Generico,$304.80,70
Generico,$376.20,40
Floral,$237.00,60
Generico,$360.36,60
Generico,$195.00,90
Floral,$267.00,90
Geometrico,$271.04,300
Generico,$117.00,500
Combinado,$735.00,40
Floral,$340.91,700
Generico,$490.00,100
Generico,$212.00,100
Floral,$348.00,80
Floral,$229.00,10
Generico,$418.20,60
Generico,$331.00,40
Floral,$204.00,100
Geometrico,$250.00,40
Generico,$220.22,200
Generico,$218.00,100
Generico,$243.20,100
Geometrico,$232.14,12
Generico,$419.20,40
Generico,$332.00,400
Generico,$159.12,11
Generico,$763.00,10
Floral,$477.00,400
Combinado,$517.44,30
Geometrico,$162.00,100
Floral,$518.00,100
Generico,$473.00,100
Generico,$197.00,100
Floral,$221.00,90
Geometrico,$267.00,100
Geometrico,$274.48,100
Generico,$301.00,500
Geometrico,$283.00,200
Generico,$290.00,100
Generico,$217.60,200
Combinado,$226.40,700
Generico,$512.00,90
Generico,$284.00,100
Floral,$281.00,100
Floral,$225.00,100
Generico,$244.50,100
Floral,$249.00,200
Floral,$306.00,200
Generico,$206.00,20
Geometrico,$188.34,700
Combinado,$217.91,500
Generico,$735.00,40
Generico,$284.80,60
Generico,$238.00,400
Generico,$422.00,100
Generico,$228.49,700
Floral,$272.00,100
Geometrico,$130.05,100
Geometrico,$164.00,30
Floral,$375.76,100
Generico,$683.00,10
Combinado,$377.00,10
Geometrico,$178.00,700
Generico,$302.61,30
Floral,$447.00,1000
Geometrico,$195.00,60
Floral,$196.00,300
Geometrico,$374.00,80
Generico,$201.00,40
Geometrico,$223.00,70
Generico,$482.00,60
Geometrico,$286.45,100
Floral,$300.00,100
Generico,$314.93,60
Floral,$213.00,300
Generico,$271.00,100
Generico,$276.00,20
Geometrico,$262.00,40
Generico,$186.00,200
Geometrico,$203.67,100
Floral,$235.00,100
Combinado,$330.00,10
Floral,$284.00,16
Generico,$264.00,100
Generico,$546.00,50
Floral,$280.00,30
Floral,$222.00,10
Generico,$274.00,70
Generico,$251.79,200
Generico,$87.00,16
Generico,$133.59,24
Floral,$266.00,100
Generico,$488.00,100
Floral,$395.00,90
Generico,$182.49,300
Generico,$209.00,200
Generico,$199.00,1000
Generico,$602.00,50
Combinado,$265.72,100
Generico,$307.23,10
Generico,$394.00,100
Combinado,$364.00,100
Combinado,$172.55,100
Geometrico,$251.00,70
Geometrico,$159.00,100
Generico,$349.35,80
Floral,$178.64,200
Floral,$378.00,200
Geometrico,$231.00,100
Generico,$253.00,100
Geometrico,$185.00,500
Geometrico,$177.00,100
Generico,$191.52,100
Generico,$356.00,80
Generico,$261.00,200
Generico,$404.00,100
Generico,$266.00,100
Combinado,$122.00,300
Geometrico,$318.00,200
Generico,$351.00,30
Generico,$113.60,90
Floral,$337.26,600
Generico,$382.00,100
Generico,$202.00,200
Generico,$224.00,1000
Generico,$271.00,200
Combinado,$228.00,90
Generico,$213.29,200
Generico,$176.00,20
Floral,$365.75,80
Floral,$325.60,50
Generico,$560.00,20
Generico,$516.00,1000
Generico,$344.00,10
Generico,$268.00,100
Generico,$140.00,1000
Geometrico,$316.23,100
Floral,$146.20,400
Generico,$142.80,300
Generico,$230.00,100
Generico,$206.36,40
Combinado,$165.00,300
Generico,$334.18,200
Generico,$653.00,20
Generico,$343.00,50
Floral,$257.00,100
Combinado,$234.85,300
Generico,$247.00,60
Combinado,$173.74,300
Generico,$301.00,20
Generico,$327.00,20
Generico,$201.00,20
Generico,$279.60,100
Generico,$230.00,100
Floral,$330.00,100
Combinado,$214.06,800
Generico,$308.00,10
Generico,$442.75,30
Generico,$467.00,80
Floral,$220.00,200
Combinado,$275.00,100
Generico,$329.00,1000
Generico,$338.00,90
Generico,$243.00,15
Generico,$283.00,30
Geometrico,$156.31,13
Generico,$249.00,200
Generico,$258.00,30
Floral,$187.20,600
Generico,$257.00,20
Generico,$389.82,100
Geometrico,$257.55,300
Floral,$146.00,100
Generico,$254.00,800
Geometrico,$250.00,500
Generico,$548.00,40
Floral,$432.00,10
Generico,$245.00,100
Generico,$395.00,10
Floral,$304.00,700
Combinado,$235.00,90
Floral,$209.60,300
Generico,$531.00,1000
Geometrico,$126.00,10
Geometrico,$521.00,20
Geometrico,$222.00,100
Generico,$732.00,10
Generico,$280.00,100
Generico,$303.00,20
Floral,$225.61,200
Generico,$503.00,30
Generico,$323.00,100
Generico,$212.52,30
Generico,$317.00,100
Geometrico,$217.54,500
Floral,$237.98,30
Generico,$218.00,50
Combinado,$206.00,70
Generico,$370.00,90
Generico,$205.00,200
Generico,$237.25,40
Floral,$316.00,10
Floral,$308.00,100
Generico,$292.00,100
Generico,$231.00,300
Generico,$595.80,40
Generico,$334.00,400
Generico,$301.00,50
Generico,$264.00,400
Generico,$582.00,10
Generico,$303.00,40
Geometrico,$350.00,100
Generico,$304.30,1000
Generico,$464.80,40
Generico,$213.00,400
Generico,$378.00,200
Floral,$291.00,100
Generico,$217.00,50
Geometrico,$256.00,90
Geometrico,$357.00,100
Floral,$370.00,80
Generico,$261.00,10
Combinado,$245.60,1000
Floral,$444.00,1000
Floral,$271.04,70
Generico,$234.00,500
Geometrico,$202.94,100
Floral,$426.00,40
Floral,$294.00,100
Generico,$585.00,80
Floral,$347.00,200
Generico,$383.00,300
Generico,$285.00,1000
Floral,$221.92,400
Floral,$486.00,100
Generico,$426.00,50
Geometrico,$602.00,10
Combinado,$207.13,700
Generico,$254.77,100
Geometrico,$355.00,70
Floral,$407.00,100
Generico,$279.20,60
Generico,$290.00,100
Combinado,$308.00,20
Generico,$248.00,20
Floral,$297.00,60
Floral,$327.04,90
Generico,$229.00,70
Generico,$335.72,100
Floral,$281.05,600
Generico,$199.00,1000
Generico,$470.00,10
Generico,$331.00,40
Generico,$415.50,50
Generico,$205.59,300
Generico,$289.81,80
Generico,$221.25,600
Combinado,$252.00,10
Generico,$192.95,200
Generico,$358.00,100
Floral,$359.00,1000
Generico,$160.00,80
Floral,$261.00,70
Floral,$215.90,70
Combinado,$247.00,80
Floral,$301.00,30
Generico,$357.00,100
Generico,$380.33,100
Generico,$177.00,80
Generico,$251.25,10
Generico,$349.00,60
Generico,$354.00,50
Floral,$386.54,40
Geometrico,$236.52,50
Generico,$539.00,100
Floral,$299.00,100
Generico,$243.00,200
Generico,$383.00,100
Generico,$398.09,400
Generico,$492.00,30
Generico,$198.00,1000
Generico,$457.00,1000
Generico,$226.00,600
Floral,$370.00,1000
Geometrico,$289.00,500
Generico,$299.00,100
Floral,$261.80,30
Generico,$224.84,10
Generico,$261.34,66
Combinado,$223.00,100
Generico,$383.00,20
Generico,$382.00,100
Generico,$442.00,100
Generico,$217.54,100
Generico,$461.00,1000
Floral,$447.00,200
Generico,$328.00,30
Floral,$154.00,200
Floral,$278.00,100
Floral,$204.36,70
Geometrico,$175.20,100
Floral,$222.00,100
Generico,$387.00,30
Generico,$227.76,800
Generico,$327.77,800
Generico,$140.91,200
Combinado,$223.00,200
Floral,$228.00,30
Generico,$198.00,60
Generico,$298.00,1000
Generico,$234.00,30
Geometrico,$131.67,200
Generico,$298.00,20
Generico,$153.30,600
Floral,$258.00,70
Generico,$572.88,60
Generico,$277.60,200
Generico,$222.70,70
Generico,$237.98,100
Geometrico,$132.80,500
Generico,$414.00,100
Generico,$366.35,80
Floral,$195.00,50
Generico,$350.00,1000
Generico,$334.18,30
Floral,$471.58,800
Generico,$261.00,10
Floral,$218.00,40
Generico,$289.52,10
Geometrico,$269.00,30
Generico,$381.15,90
Generico,$507.45,10
Generico,$198.00,400
Floral,$326.00,20
Generico,$286.00,70
Generico,$284.00,500
Floral,$338.00,100
Floral,$363.00,1000
Generico,$356.00,20
Combinado,$412.00,100
Floral,$274.00,100
Floral,$351.00,50
Generico,$357.00,20
Generico,$531.00,70
Generico,$374.00,80
Generico,$593.00,10
Generico,$192.00,500
Geometrico,$295.00,50
Generico,$216.81,10
Floral,$262.57,80
Combinado,$208.00,100
Floral,$310.00,300
Floral,$231.00,90
Floral,$507.00,40
Generico,$142.74,16
Generico,$318.40,1000
Combinado,$292.00,300
Generico,$289.00,50
Generico,$229.22,100
Generico,$247.00,40
Generico,$465.00,20
Combinado,$188.70,60
Generico,$372.68,90
Generico,$340.00,80
Generico,$433.00,30
Generico,$255.00,100
Floral,$451.00,100
Generico,$189.00,100
Floral,$412.00,1000
Floral,$254.00,100
Combinado,$203.58,80
Combinado,$227.76,300
Geometrico,$164.78,16
Floral,$208.05,60
Floral,$187.88,200
Floral,$228.00,1000
Geometrico,$333.61,200
Generico,$119.72,100
Generico,$263.00,70
Generico,$686.00,50
Generico,$210.00,100
Combinado,$184.00,60
Combinado,$351.00,200
Floral,$592.00,40
Floral,$232.14,200
Generico,$378.00,200
Generico,$292.00,200
Generico,$261.00,100
Geometrico,$246.00,80
Generico,$276.00,20
Generico,$413.00,40
Generico,$234.08,100
Generico,$284.00,100
Generico,$395.00,20
Floral,$233.31,100
Generico,$840.00,40
Geometrico,$236.52,100
Floral,$370.00,40
Generico,$208.25,12
Floral,$396.00,100
Generico,$325.71,20
Floral,$414.80,100
Generico,$469.80,30
Floral,$301.84,200
Generico,$229.00,1000
Generico,$375.00,1000
Generico,$207.13,100
Generico,$195.00,200
Floral,$510.00,100
Combinado,$272.00,200
Generico,$159.20,600
Generico,$144.54,18
Floral,$277.00,40
Generico,$279.00,100
Generico,$186.00,300
Floral,$344.00,1000
Combinado,$255.00,30
Combinado,$209.00,200
Floral,$253.00,10
Generico,$284.00,1000
Geometrico,$198.00,60
Generico,$361.60,30
Generico,$132.44,200
Generico,$181.00,700
Generico,$358.40,100
Floral,$341.00,200
Generico,$263.00,50
Generico,$237.93,50
Geometrico,$205.00,200
Generico,$319.00,100
Combinado,$294.40,400
Combinado,$183.00,50
Generico,$239.47,60
Generico,$313.00,1000
Combinado,$428.00,20
Generico,$553.63,100
Floral,$292.00,60
Combinado,$266.00,100
Generico,$376.80,20
Generico,$209.00,100
Floral,$318.00,100
Generico,$472.00,100
Geometrico,$209.00,200
Generico,$244.80,100
Geometrico,$272.00,100
Generico,$848.00,30
Generico,$840.00,1000
Floral,$246.00,100
Generico,$127.00,800
Generico,$640.00,30
Generico,$596.00,20
Generico,$274.45,60
Floral,$241.00,500
Combinado,$248.04,80
Combinado,$330.00,90
Generico,$199.50,200
Geometrico,$195.58,600
Generico,$254.87,100
Generico,$413.00,40
Generico,$220.46,400
Floral,$201.00,1000
Generico,$227.00,80
Generico,$247.00,40
Generico,$307.00,20
Generico,$208.00,10
Generico,$474.00,30
Generico,$392.00,30
Generico,$429.00,400
Floral,$394.00,30
Generico,$179.00,200
Generico,$312.00,30
Floral,$378.00,60
Generico,$143.08,700
Generico,$288.00,40
Generico,$393.00,20
Generico,$222.65,100
Generico,$200.00,300
Combinado,$261.80,200
Generico,$230.00,10
Floral,$425.00,20
Combinado,$228.00,20
Generico,$386.00,200
Combinado,$272.00,400
Generico,$427.00,200
Generico,$321.20,50
Geometrico,$249.05,300
Generico,$533.00,30
Combinado,$282.20,70
Generico,$587.00,10
Generico,$427.00,300
Generico,$273.00,10
Generico,$479.00,60
Generico,$296.80,100
Generico,$251.79,80
Generico,$470.00,60
Generico,$380.00,100
Combinado,$164.78,25
Generico,$515.00,1000
Generico,$178.00,300
Generico,$287.00,60
Generico,$137.24,10
Generico,$217.00,70
Generico,$373.00,100
Combinado,$468.00,50
Generico,$253.00,10
Generico,$259.00,30
Generico,$227.00,400
Generico,$286.00,40
Generico,$183.20,100
Generico,$296.00,90
Generico,$454.00,1000
Generico,$235.00,80
Geometrico,$460.00,60
Generico,$343.00,80
Generico,$336.00,10
Combinado,$198.05,100
Generico,$302.00,100
Floral,$182.00,60
Generico,$305.00,80
Geometrico,$352.00,30
Generico,$340.00,1000
Generico,$336.00,1000
Floral,$409.00,50
Generico,$530.00,40
Generico,$407.00,20
Geometrico,$221.00,30
Generico,$453.05,60
Floral,$369.00,1000
Generico,$230.68,100
Generico,$314.00,30
Geometrico,$211.00,10
Floral,$380.33,40
Combinado,$521.00,20
Generico,$226.10,80
Generico,$283.36,30
Generico,$379.00,200
Generico,$617.00,1000
Generico,$229.95,700
Generico,$190.19,600
Floral,$436.00,100
Generico,$625.00,90
Generico,$195.00,100
Geometrico,$234.00,400
Generico,$459.00,20
Generico,$211.70,90
Generico,$344.56,200
Floral,$315.00,100
Generico,$469.80,60
Floral,$238.00,400
Generico,$193.00,100
Geometrico,$270.40,60
Generico,$151.11,40
Generico,$280.28,100
Generico,$227.00,100
Generico,$214.40,400
Generico,$426.00,30
Generico,$365.00,30
Generico,$304.00,20
Generico,$308.00,200
Generico,$339.00,40
Generico,$381.00,100
Geometrico,$329.00,100
Generico,$352.00,1000
Floral,$366.00,70
Combinado,$539.00,20
Generico,$158.62,500
Generico,$313.00,1000
Combinado,$428.00,20
Generico,$553.63,100
Floral,$292.00,60
Combinado,$266.00,100
Generico,$376.80,20
Generico,$209.00,100
Floral,$318.00,100
Generico,$472.00,100
Geometrico,$209.00,200
Generico,$244.80,100
Geometrico,$272.00,100
Generico,$848.00,30
Generico,$840.00,1000
Floral,$246.00,100
Generico,$127.00,800
Generico,$640.00,30
Generico,$596.00,20
Generico,$274.45,60
Floral,$241.00,500
Combinado,$248.04,80
Combinado,$330.00,90
Generico,$199.50,200
Geometrico,$195.58,600
Generico,$254.87,100
Generico,$413.00,40
Generico,$220.46,400
Floral,$201.00,1000
Generico,$227.00,80
Generico,$247.00,40
Generico,$307.00,20
Generico,$208.00,10
Generico,$474.00,30
Liso,$392.00,30
Generico,$429.00,400
Floral,$394.00,30
Generico,$179.00,200
Liso,$312.00,30
Floral,$378.00,60
Liso,$143.08,700
Liso,$288.00,40
Liso,$393.00,20
Liso,$222.65,100
Liso,$200.00,300
Combinado,$261.80,200
Liso,$230.00,10
Floral,$425.00,20
Combinado,$228.00,20
Liso,$386.00,200
Combinado,$272.00,400
Liso,$427.00,200
Liso,$321.20,50
Geometrico,$249.05,300
Liso,$533.00,30
Combinado,$282.20,70
Liso,$587.00,10
Liso,$427.00,300
Liso,$273.00,10
Liso,$479.00,60
Liso,$296.80,100
Liso,$251.79,80
Liso,$470.00,60
Liso,$380.00,100
Combinado,$164.78,25
Liso,$515.00,1000
Liso,$178.00,300
Liso,$287.00,60
Liso,$137.24,10
Liso,$217.00,70
Liso,$373.00,100
Combinado,$468.00,50
Liso,$253.00,10
Liso,$259.00,30
Liso,$227.00,400
Generico,$286.00,40
Liso,$183.20,100
Liso,$296.00,90
Liso,$454.00,1000
Liso,$235.00,80
Geometrico,$460.00,60
Liso,$343.00,80
Generico,$336.00,10
Combinado,$198.05,100
Liso,$302.00,100
Floral,$182.00,60
Liso,$305.00,80
Geometrico,$352.00,30
Liso,$340.00,1000
Liso,$336.00,1000
Floral,$409.00,50
Liso,$530.00,40
Liso,$407.00,20
Geometrico,$221.00,30
Liso,$453.05,60
Floral,$369.00,1000
Liso,$230.68,100
Liso,$314.00,30
Geometrico,$211.00,10
Floral,$380.33,40
Combinado,$521.00,20
Liso,$226.10,80
Liso,$283.36,30
Liso,$379.00,200
Liso,$617.00,1000
Liso,$229.95,700
Liso,$190.19,600
Floral,$436.00,100
Liso,$625.00,90
Liso,$195.00,100
Geometrico,$234.00,400
Liso,$459.00,20
Liso,$211.70,90
Liso,$344.56,200
Floral,$315.00,100
Liso,$469.80,60
Floral,$238.00,400
Liso,$193.00,100
Geometrico,$270.40,60
Liso,$151.11,40
Generico,$103.05,90
Liso,$253.50,100
Liso,$148.19,16
Floral,$380.00,30
Liso,$330.00,30
Liso,$179.20,100
Floral,$419.90,100
Liso,$361.80,200
Liso,$429.00,50
Liso,$251.00,70
Combinado,$211.75,90
Liso,$702.00,70
Liso,$265.50,100
Liso,$257.00,40
Liso,$260.00,20
Floral,$273.00,200
Liso,$354.00,10
Liso,$285.60,50
Geometrico,$254.00,400
Liso,$226.38,100
Floral,$410.00,30
Liso,$432.00,100
Generico,$167.72,20
Combinado,$484.00,100
Generico,$229.00,1000
Liso,$312.00,90
Liso,$378.00,10
Floral,$448.00,70
Liso,$213.00,100
Floral,$228.00,1000
Liso,$292.80,90
Floral,$187.20,600
Liso,$513.59,10
Liso,$394.00,60
Liso,$334.00,20
Liso,$576.30,40
Liso,$439.00,1000
Liso,$169.00,1000
Liso,$210.21,100
Liso,$243.00,200
Liso,$345.73,80
Liso,$481.00,60
Liso,$245.00,10
Liso,$295.00,100
Floral,$211.00,100
Liso,$366.00,1000
Floral,$427.00,30
Liso,$323.00,20
Combinado,$216.37,70
Liso,$596.00,1000
Geometrico,$377.00,80
Liso,$334.00,20
Liso,$148.00,70
Liso,$493.20,20
Liso,$254.77,10
Liso,$254.00,80
Liso,$326.48,100
Liso,$273.00,1000
Geometrico,$136.29,100
Liso,$159.00,10
Combinado,$203.00,100
Combinado,$182.00,40
Combinado,$59.00,10
Liso,$201.00,20
Liso,$476.00,1000
Floral,$192.00,500
Liso,$257.00,50
Geometrico,$335.00,30
Liso,$390.39,400
Geometrico,$175.00,30
Liso,$412.00,10
Liso,$377.00,100
Liso,$220.00,80
Liso,$474.00,40
Liso,$131.67,100
Liso,$179.00,40
Floral,$270.00,100
Floral,$393.00,90
Generico,$387.90,100
Geometrico,$131.00,100
Floral,$223.00,10
Generico,$99.75,10
Liso,$185.00,1000
Geometrico,$177.00,100
Combinado,$223.30,100
Floral,$378.00,70
Liso,$353.00,70
Floral,$612.00,1000
Geometrico,$326.00,70
Liso,$231.00,700
Geometrico,$181.00,80
Liso,$219.00,300
Floral,$315.35,30
Floral,$387.00,1000
Liso,$331.00,20
Liso,$194.00,80
Floral,$305.60,100
Combinado,$210.00,1000
Geometrico,$133.00,100
Floral,$376.53,200
Floral,$442.00,80
Liso,$613.00,30
Floral,$276.00,200
Liso,$357.00,10
Combinado,$198.00,100
Liso,$700.00,70
Liso,$221.00,40
Liso,$321.00,60
Liso,$261.00,400
Floral,$351.89,60
Liso,$235.45,200
Liso,$538.23,10
Combinado,$193.27,1000
Liso,$183.20,300
Liso,$321.20,100
Liso,$945.00,20
Liso,$264.00,300
Liso,$420.00,40
Liso,$190.00,200
Geometrico,$308.00,60
Geometrico,$141.00,10
Liso,$227.76,11
Liso,$346.50,100
Geometrico,$373.00,20
Liso,$288.00,40
Liso,$290.00,1000
Floral,$791.00,1000
Floral,$301.00,700
Liso,$268.00,10
Liso,$180.00,200
Liso,$160.80,100
Generico,$361.13,50
Liso,$289.00,300
Liso,$381.00,200
Combinado,$315.00,100
Liso,$602.00,30
Liso,$945.00,1000
Liso,$173.00,14
Liso,$856.00,1000
Floral,$286.00,40
Geometrico,$243.00,400
Liso,$199.43,700
Liso,$238.70,1000
Floral,$439.00,40
Geometrico,$214.06,200
Combinado,$390.00,200
Generico,$174.47,1000
Liso,$213.00,20
Geometrico,$206.40,500
Liso,$350.00,100
Floral,$230.00,100
Liso,$275.00,40
Liso,$235.00,80
Liso,$435.00,90
Floral,$238.00,50
Combinado,$239.47,90
Liso,$732.00,80
Floral,$304.00,100
Floral,$390.00,50
Liso,$279.00,60
Liso,$155.54,60
Liso,$357.00,10
Liso,$414.26,40
Combinado,$187.00,200
Liso,$257.00,1000
Liso,$272.00,40
Liso,$238.00,400
Liso,$292.00,200
Liso,$307.00,30
Liso,$329.00,1000
Liso,$225.00,100
Liso,$265.00,15
Liso,$262.00,100
Liso,$159.00,100
Liso,$215.00,700
Liso,$240.24,1000
Combinado,$290.00,10
Liso,$403.75,40
Liso,$170.00,50
Liso,$551.00,1000
Liso,$278.00,50
Generico,$499.00,100
Liso,$275.00,60
Floral,$302.00,80
Geometrico,$387.00,80
Liso,$254.00,100
Liso,$613.00,80
Liso,$126.00,100
Combinado,$180.00,200
Combinado,$213.00,800
Liso,$357.00,50
Geometrico,$218.00,500
Liso,$246.75,30
Generico,$314.65,90
Liso,$433.00,20
Liso,$263.34,100
Floral,$281.00,80
Liso,$657.00,70
Liso,$287.98,100
Geometrico,$225.09,10
Generico,$742.00,10
Liso,$258.00,300
Liso,$489.00,10
Floral,$289.85,70
Liso,$191.00,70
Liso,$390.00,1000
Floral,$271.00,100
Liso,$204.00,80
Liso,$291.00,700
Floral,$340.00,20
Liso,$378.00,100
Liso,$536.00,70
Combinado,$515.00,100
Floral,$336.00,10
Combinado,$572.00,50
Liso,$146.00,100
Liso,$254.15,50
Combinado,$240.24,100
Liso,$254.00,30
Liso,$241.00,30
Geometrico,$154.00,20
Generico,$279.60,60
Floral,$287.00,100
Liso,$183.26,50
Combinado,$277.97,30
Floral,$247.00,40
Floral,$520.00,30
Geometrico,$302.22,300
Liso,$267.00,10
Floral,$366.00,20
Liso,$432.00,100
Liso,$238.00,300
Generico,$220.00,70
Floral,$128.35,200
Generico,$284.00,10
Geometrico,$323.00,40
Liso,$292.60,60
Liso,$442.00,100
Liso,$330.33,1000
Liso,$386.00,10
Floral,$394.00,10
Liso,$301.00,1000
Liso,$203.15,300
Combinado,$322.00,40
Liso,$380.00,200
Generico,$351.13,20
Combinado,$204.00,100
Liso,$227.00,20
Liso,$432.00,50
Liso,$408.00,80
Liso,$91.98,10
Liso,$378.00,100
Liso,$468.00,1000
Liso,$424.00,80
Liso,$350.40,300
Liso,$150.45,300
Liso,$866.00,40
Geometrico,$187.11,800
Liso,$258.00,30
Liso,$370.00,60
Liso,$304.00,60
Geometrico,$437.36,100
Liso,$259.00,20
Liso,$201.00,30
Generico,$182.39,20
Floral,$486.00,70
Liso,$614.00,30
Generico,$107.82,60
Liso,$258.00,1000
Liso,$573.00,20
Liso,$198.66,300
Liso,$147.00,500
Liso,$443.00,30
Liso,$215.00,10
Combinado,$330.30,200
Floral,$363.00,100
Liso,$294.40,1000
Liso,$251.79,40
Geometrico,$214.00,100
Liso,$282.00,10
Geometrico,$321.09,100
Liso,$154.77,100
Floral,$220.00,200
Liso,$362.00,30
Floral,$253.00,100
Floral,$232.00,20
Combinado,$251.00,500
Generico,$407.00,1000
Geometrico,$268.00,200
Liso,$619.00,60
Floral,$868.00,1000
Liso,$175.00,200
Geometrico,$155.00,40
Liso,$238.00,10
Liso,$468.00,10
Liso,$361.00,1000
Liso,$499.00,40
Liso,$169.60,100
Liso,$177.00,60
Liso,$266.00,10
Floral,$254.10,100
Liso,$467.00,10
Liso,$148.80,800
Liso,$260.00,100
Floral,$462.00,100
Liso,$282.00,300
Liso,$585.00,1000
Liso,$489.00,10
Combinado,$351.00,80
Liso,$278.89,50
Liso,$294.14,90
Liso,$188.34,500
Liso,$187.00,300
Floral,$270.00,90
Combinado,$576.00,60
Generico,$525.00,1000
Liso,$177.00,1000
Liso,$170.17,13
Liso,$348.00,100
Geometrico,$236.39,20
Liso,$311.00,1000
Liso,$202.51,10
Liso,$352.00,80
Combinado,$384.00,1000
Floral,$441.00,200
Liso,$223.00,40
Combinado,$223.00,200
Floral,$271.00,20
Liso,$370.00,1000
Geometrico,$249.48,90
Liso,$426.00,10
Liso,$417.00,50
Liso,$258.00,300
Floral,$309.00,20
Combinado,$283.00,1000
Liso,$244.00,30
Floral,$158.00,500
Geometrico,$222.53,50
Liso,$567.49,20
Geometrico,$390.00,30
Liso,$279.00,40
Liso,$365.00,40
Liso,$273.00,200
Generico,$341.64,100
Liso,$329.80,50
Combinado,$208.00,100
Combinado,$349.00,1000
Liso,$252.00,12
Liso,$276.00,70
Liso,$389.62,40
Floral,$436.00,20
Combinado,$251.00,100
Floral,$208.00,60
Liso,$228.49,900
Floral,$355.00,20
Liso,$322.00,50
Liso,$384.30,100
Generico,$329.56,1000
Combinado,$308.55,1000
Liso,$221.92,200
Combinado,$294.91,10
Liso,$263.00,100
Liso,$250.25,300
Liso,$406.00,10
Liso,$507.00,30
Liso,$275.94,30
Liso,$183.00,20
Combinado,$279.00,100
Floral,$461.00,20
Liso,$189.75,40
Liso,$280.00,500
Liso,$404.00,1000
Liso,$142.00,100
Liso,$247.20,40
Liso,$323.00,200
Geometrico,$444.00,30
Liso,$287.00,300
Liso,$238.00,50
Liso,$181.00,13
Liso,$368.00,10
Geometrico,$243.00,60
Liso,$341.00,100
Liso,$294.00,100
Liso,$337.00,50
Floral,$301.75,70
Liso,$170.00,100
Floral,$306.00,40
Liso,$155.49,100
Liso,$337.00,10
Liso,$460.00,10
Liso,$205.00,100
Combinado,$207.20,200
Geometrico,$128.59,30
Combinado,$181.77,300
Liso,$346.00,1000
Floral,$422.00,60
Floral,$415.00,30
Liso,$265.50,100
Liso,$204.00,12
Floral,$527.00,40
Liso,$308.00,20
Liso,$546.00,1000
Liso,$261.00,90
Liso,$234.00,70
Geometrico,$257.00,50
Combinado,$676.00,20
Floral,$219.00,20
Combinado,$245.63,50
Liso,$314.00,100
Liso,$451.99,30
Geometrico,$245.63,200
Liso,$184.80,60
Liso,$211.75,30
Generico,$264.00,20
Floral,$278.00,1000
Liso,$245.00,40
Combinado,$291.06,50
Combinado,$266.45,50
Geometrico,$171.00,10
Floral,$363.44,300
Combinado,$287.00,100
Combinado,$235.00,700
Liso,$586.00,10
Liso,$439.00,90
Liso,$294.92,100
Floral,$221.92,700
Combinado,$236.00,50
Floral,$317.00,100
Liso,$405.00,30
Liso,$211.00,30
Liso,$291.00,10
Liso,$308.00,1000
Liso,$243.09,300
Liso,$370.00,20
Liso,$190.00,100
Generico,$342.37,20
Liso,$945.00,10
Floral,$399.00,100
Liso,$219.00,80
Liso,$335.80,10
Liso,$342.00,100
Liso,$653.00,50
Liso,$171.00,80
Geometrico,$291.00,30
Liso,$403.20,200
Floral,$163.24,30
Liso,$176.66,400
Liso,$273.02,50
Liso,$230.40,100
Combinado,$133.98,200
Floral,$219.00,300
Liso,$662.00,1000
Liso,$204.00,20
Floral,$396.00,1000
Liso,$192.00,700
Liso,$393.47,200
Liso,$245.00,600
Liso,$392.00,10
Combinado,$185.00,100
Geometrico,$358.00,70
Liso,$188.00,200
Liso,$306.00,50
Liso,$745.00,1000
Liso,$216.81,600
Floral,$337.00,10
Geometrico,$170.00,100
Combinado,$297.84,500
Liso,$262.00,20
Geometrico,$333.00,700
Geometrico,$351.00,10
Liso,$236.00,60
Liso,$304.00,100
Liso,$666.00,30
Floral,$315.00,20
Floral,$329.00,10
Liso,$735.00,30
Liso,$473.00,200
Combinado,$267.00,50
Liso,$384.00,100
Floral,$327.00,30
Geometrico,$193.00,20
Liso,$334.95,40
Liso,$330.00,40
Geometrico,$218.00,100
Floral,$498.00,60
Geometrico,$341.00,1000
Liso,$622.00,100
Liso,$369.00,20
Liso,$277.00,100
Liso,$210.00,1000
Geometrico,$313.00,100
Liso,$269.00,10
Liso,$588.00,1000
Liso,$221.60,100
Liso,$763.20,30
Floral,$277.00,100
Floral,$342.00,20
Liso,$452.00,20
Liso,$275.00,100
Liso,$193.00,800
Liso,$500.00,50
Liso,$976.50,90
Combinado,$258.00,20
Liso,$800.00,1000
Geometrico,$216.00,1000
Generico,$306.46,30
Liso,$262.00,1000
Liso,$364.00,1000
Floral,$326.00,1000
Liso,$239.00,1000
Floral,$593.00,100
Liso,$232.54,200
Liso,$326.00,1000
Liso,$192.00,100
Floral,$268.00,80
Floral,$243.00,100
Liso,$192.10,10
Liso,$235.00,1000
Liso,$441.00,20
Liso,$242.40,100
Liso,$377.00,200
Floral,$380.00,1000
Liso,$320.00,100
Floral,$239.00,70
Floral,$251.00,100
Generico,$286.89,200
Combinado,$283.20,40
Geometrico,$441.00,10
Geometrico,$433.00,20
Floral,$206.36,20
Combinado,$244.80,80
Liso,$313.00,50
Liso,$201.00,70
Floral,$456.00,60
Liso,$840.00,1000
Liso,$415.00,30
Geometrico,$339.20,100
Liso,$367.20,90
Liso,$504.00,20
Liso,$290.29,10
Liso,$390.00,10
Liso,$231.00,1000
Floral,$199.00,1000
Combinado,$234.00,1000
Floral,$182.00,40
Floral,$227.20,10
Liso,$361.13,100
Floral,$532.00,40
Floral,$297.00,80
Floral,$276.00,1000
Generico,$349.00,20
Liso,$210.00,200
Floral,$486.00,30
Liso,$381.00,60
Combinado,$922.00,1000
Liso,$311.00,100
Liso,$446.00,100
Combinado,$257.00,70
Combinado,$378.00,100
Liso,$259.20,10
Geometrico,$330.00,1000
Liso,$276.00,90
Liso,$212.00,700
Generico,$410.00,1000
Liso,$625.00,60
Liso,$200.02,500
Liso,$294.00,1000
Liso,$198.00,1000
Liso,$252.00,1000
Liso,$159.00,400
Liso,$319.00,1000
Liso,$310.40,10
Combinado,$214.62,100
Geometrico,$165.55,20
Liso,$276.00,30
Floral,$296.00,60
Liso,$204.85,100
Floral,$311.00,60
Floral,$328.79,70
Liso,$252.00,100
Liso,$310.00,20
Liso,$352.66,200
Liso,$225.00,300
Geometrico,$185.00,20
Floral,$180.95,600
Liso,$363.00,40
Liso,$347.20,100
Floral,$201.00,100
Liso,$521.00,30
Liso,$358.00,200
Combinado,$351.00,50
Floral,$219.00,70
Liso,$290.00,10
Liso,$221.60,10
Liso,$249.00,50
Liso,$424.00,40
Liso,$300.00,1000
Liso,$479.00,20
Liso,$258.00,70
Liso,$383.00,1000
Liso,$295.50,10
Floral,$339.32,1000
Geometrico,$324.00,500
Floral,$255.00,10
Liso,$330.00,80
Generico,$458.00,10
Floral,$398.86,100
Floral,$230.40,700
Liso,$212.00,50
Floral,$411.00,50
Generico,$307.00,100
Floral,$400.00,30
Geometrico,$369.00,40
Liso,$288.00,100
Floral,$254.00,100
Liso,$371.14,50
Floral,$415.00,1000
Liso,$185.00,700
Liso,$222.00,40
Geometrico,$187.00,1000
Combinado,$265.72,70
Liso,$441.00,100
Liso,$308.00,50
Liso,$218.00,90
Liso,$358.00,600
Floral,$231.00,20
Combinado,$436.00,20
Liso,$575.00,1000
Floral,$319.00,40
Liso,$452.00,1000
Geometrico,$205.00,300
Liso,$844.00,30
Liso,$402.40,80
Liso,$495.00,1000
Liso,$376.00,90
Floral,$366.00,1000
Liso,$294.00,60
Liso,$400.00,60
Liso,$395.01,60
Liso,$205.86,100
Liso,$195.00,60
Liso,$206.00,70
Liso,$171.00,30
Liso,$420.00,20
Liso,$155.00,30
Combinado,$199.00,20
Liso,$248.29,20
Liso,$314.00,1000
Liso,$460.00,30
Generico,$184.97,20
Generico,$274.45,70
Geometrico,$181.00,60
Liso,$306.46,100
Liso,$173.00,90
Liso,$664.00,1000
Combinado,$292.00,200
Liso,$141.00,1000
Liso,$188.00,100
Liso,$183.00,40
Liso,$273.00,20
Liso,$374.00,20
Liso,$659.00,1000
Liso,$324.80,70
Liso,$275.25,100
Liso,$351.12,70
Liso,$356.00,40
Liso,$479.00,10
Liso,$197.12,100
Liso,$364.00,90
Floral,$542.00,10
Liso,$421.00,50
Liso,$425.00,20
Floral,$454.00,70
Liso,$322.00,90
Geometrico,$348.00,20
Generico,$158.62,80
Liso,$301.00,1000
Floral,$303.00,30
Liso,$194.81,400
Floral,$339.00,60
Liso,$209.00,30
Liso,$255.64,40
Floral,$282.00,100
Liso,$264.88,100
Liso,$361.00,1000
Generico,$213.00,1000
Floral,$299.00,40
Generico,$182.00,60
Floral,$314.50,1000
Liso,$251.00,50
Combinado,$216.00,50
Liso,$233.00,20
Liso,$869.00,1000
Liso,$141.60,100
Liso,$392.00,1000
Liso,$531.00,10
Liso,$522.00,30
Liso,$407.33,20
Liso,$403.00,50
Liso,$481.00,10
Floral,$339.00,300
Liso,$888.00,1000
Geometrico,$134.00,100
Liso,$172.00,200
Liso,$840.00,1000
Liso,$349.00,50
Liso,$581.00,60
Floral,$318.78,60
Liso,$829.00,50
Generico,$254.04,10
Geometrico,$122.00,200
Liso,$264.00,400
Liso,$359.00,20
Floral,$193.00,50
Liso,$163.00,500
Liso,$260.00,30
Combinado,$247.17,80
Generico,$88.00,300
Liso,$371.91,200
Liso,$584.00,10
Liso,$136.00,300
Liso,$191.26,20
Liso,"$1,050.00",1000
Liso,$862.00,10
Floral,$295.00,200
Liso,$325.00,50
Generico,$330.00,1000
Liso,$267.00,60
Floral,$195.20,200
Combinado,$372.00,60
Liso,$512.00,1000
Liso,$132.44,70
Combinado,$393.55,1000
Generico,$79.00,20
Liso,$180.18,600
Liso,$308.79,50
Floral,$453.00,70
Liso,$259.00,10
Liso,$369.75,40
Geometrico,$198.66,10
Liso,$311.00,1000
Liso,$226.00,1000
Floral,$416.00,10
Liso,$210.40,600
Liso,$241.00,10
Liso,$365.60,50
Liso,$372.00,90
Liso,$295.00,200
Liso,$195.00,20
Liso,$883.00,10
Liso,$259.00,100
Generico,$353.60,60
Floral,$402.00,1000
Combinado,$492.00,80
Combinado,$218.27,20
Liso,$450.00,30
Liso,$567.00,20
Floral,$283.00,20
Floral,$301.00,40
Liso,$173.60,700
Floral,$199.20,100
Floral,$228.00,50
Floral,$184.00,100
Liso,$287.00,30
Generico,$205.70,11
Floral,$256.00,100
Floral,$173.00,200
Liso,$414.00,20
Liso,$279.00,40
Liso,$201.60,70
Floral,$126.29,300
Generico,$420.00,10
Combinado,$308.00,1000
Liso,$262.00,90
Liso,$397.00,30
Generico,$151.00,500
Floral,$355.00,1000
Geometrico,$540.00,100
Liso,$227.00,30
Geometrico,$411.00,10
Combinado,$438.00,10
Liso,$278.00,1000
Floral,$207.00,700
Floral,$756.00,20
Liso,$504.00,50
Liso,$373.00,80
Geometrico,$234.00,200
Geometrico,$285.60,50
Combinado,"$1,302.00",10
Floral,$291.00,90
Liso,$193.00,200
Floral,$507.00,20
Liso,$278.00,60
Liso,$647.00,1000
Generico,$151.30,90
Floral,$556.00,100
Floral,$283.00,200
Liso,$339.00,40
Floral,$211.75,60
Geometrico,$180.00,1000
Floral,$265.00,50
Combinado,$197.00,10
Generico,$410.55,1000
Floral,$251.79,700
Liso,$231.00,1000
Liso,$271.00,50
Generico,$284.00,70
Geometrico,$233.00,400
Combinado,$508.00,1000
Combinado,$205.86,40
Floral,$196.00,50
Liso,$449.00,60
Generico,$169.36,200
Floral,$284.00,80
Liso,$291.27,400
Combinado,$275.00,70
Liso,$171.00,30
Liso,$243.00,10
Floral,$193.00,10
Generico,$199.00,1000
Floral,$208.67,200
Liso,$395.00,20
Liso,$289.81,80
Floral,$391.00,30
Floral,$337.00,100
Generico,$324.00,50
Combinado,$303.00,20
Floral,$351.00,20
Geometrico,$147.07,60
Floral,$295.68,10
Floral,$138.17,40
Floral,$458.00,20
Liso,$175.00,100
Geometrico,$180.00,100
Floral,$400.00,50
Liso,$268.80,200
Floral,$735.00,10
Floral,$163.24,70
Floral,$250.00,20
Floral,$378.00,60
Combinado,$271.00,1000
Liso,$183.00,100
Combinado,$282.00,1000
Floral,$136.80,200
Floral,$345.00,30
Liso,$193.00,80
Combinado,$320.00,50
Liso,$206.00,20
Floral,$252.60,10
Liso,$249.00,40
Floral,$181.00,100
Generico,$177.00,80
Geometrico,$338.00,50
Combinado,$169.00,70
Liso,$232.00,20
Liso,$665.00,1000
Floral,$182.00,1000
Floral,$395.00,1000
Floral,$180.00,20
Geometrico,$274.00,40
Geometrico,$195.00,30
Liso,$500.00,1000
Liso,$508.00,10
Floral,$272.00,30
Generico,$225.00,200
Geometrico,$269.00,1000
Floral,$210.00,20
Floral,$610.00,1000
Generico,$418.00,20
Geometrico,$360.00,30
Floral,$421.00,20
Floral,$377.00,10
Liso,$189.00,200
Liso,$308.00,10
Liso,$167.20,90
Liso,$374.00,30
Liso,$625.00,60
Liso,$205.86,40
Liso,$363.00,40
Liso,$179.41,700
Liso,$199.75,100
Liso,$293.00,1000
Liso,$265.00,40
Liso,$399.50,40
Geometrico,$827.00,20
Liso,$360.00,70
Liso,$475.00,200
Combinado,$311.08,800
Floral,$212.25,12
Liso,$394.00,1000
Liso,$351.00,1000
Liso,$231.00,1000
Combinado,$303.00,50
Liso,$393.00,1000
Liso,$277.00,100
Liso,$459.00,1000
Combinado,$341.00,1000
Liso,$316.00,1000
Liso,$254.00,60
Liso,$300.00,400
Liso,$236.00,50
Liso,$147.00,300
Liso,$359.00,10
Geometrico,$482.00,20
Liso,$440.00,30
Liso,$199.00,80
Liso,$380.00,10
Geometrico,$374.00,10
Geometrico,$311.00,1000
Geometrico,$362.00,1000
Liso,$249.00,1000
Liso,$205.59,20
Combinado,$286.00,1000
Floral,$345.00,1000
Liso,$256.00,100
Liso,$424.00,40
Liso,$347.00,300
Liso,$677.00,20
Liso,$289.52,30
Liso,$206.59,16
Liso,$543.62,30
Liso,$243.95,1000
Liso,$147.00,90
Liso,$319.00,1000
Liso,$351.05,50
Liso,$502.00,10
Liso,$689.92,1000
Liso,$358.00,10
Combinado,$208.00,50
Floral,$79.00,10
Liso,$444.00,1000
Liso,$351.12,70
Liso,$183.96,11
Geometrico,$299.00,10
Liso,$204.00,1000
Liso,$310.00,80
Liso,$456.00,50
Liso,$304.00,80
Liso,$193.00,70
Liso,$259.00,1000
Combinado,$294.00,1000
Liso,$272.00,100
Liso,$390.00,1000
Liso,$244.00,1000
Floral,$220.50,60
Geometrico,$170.00,800
Liso,$260.00,20
Liso,$283.00,100
Liso,$184.80,100
Liso,$292.00,90
Geometrico,$591.00,10
Geometrico,$162.35,100
Liso,$474.00,1000
Liso,$331.00,10
Geometrico,$147.00,400
Liso,$234.85,60
Liso,$238.00,50
Liso,$234.00,20
Liso,$447.00,20
Liso,$182.40,300
Combinado,$257.00,50
Liso,$357.00,200
Combinado,$307.00,30
Generico,$545.00,50
Liso,$244.00,20
Liso,$169.60,100
Liso,$285.00,100
Liso,$416.00,1000
Combinado,$198.66,100
Liso,$506.00,80
Geometrico,$308.00,500
Liso,$373.00,100
Liso,$286.00,100
Liso,$235.00,300
Liso,$350.00,30
Liso,$204.00,1000
Liso,$283.00,30
Liso,$434.00,1000
Liso,$378.00,40
Liso,$371.00,20
Liso,$312.00,30
Liso,$336.00,50
Liso,$234.00,100
Liso,$285.00,30
Liso,$520.00,60
Combinado,$178.00,300
Geometrico,$204.00,70
Liso,$279.00,30
Geometrico,$284.00,100
Geometrico,$819.00,1000
Liso,$155.20,200
Liso,$206.00,50
Liso,$330.33,1000
Combinado,$366.52,20
Geometrico,$364.00,10
Liso,$358.05,60
Liso,$542.00,1000
Liso,$340.00,30
Liso,$735.00,10
Liso,$212.52,30
Liso,$193.00,100
Liso,$299.00,1000
Combinado,$233.00,20
Liso,$218.00,1000
Liso,$374.40,200
Liso,$271.00,40
Combinado,$395.00,40
Liso,$369.60,40
Combinado,$279.20,100
Liso,$419.00,1000
Liso,$319.00,100
Liso,$356.00,20
Liso,$466.00,50
Liso,$279.00,10
Liso,$381.00,1000
Liso,$344.00,50
Liso,$216.00,10
Liso,$210.00,800
Liso,$295.80,1000
Liso,$542.30,10
Liso,$461.00,20
Liso,$264.00,1000
Combinado,$304.00,20
Liso,$319.00,1000
Combinado,$326.00,10
Liso,$393.60,60
Liso,$189.00,800
Liso,$283.00,100
Liso,$386.00,10
Liso,$500.00,60
Combinado,$229.81,1000
Liso,$360.00,200
Liso,$597.00,1000
Liso,$605.00,10
Liso,$325.00,70
Liso,$272.58,60
Liso,$315.00,1000
Liso,$544.00,1000
Combinado,$314.00,30
Liso,$209.40,1000
Liso,$361.60,100
Liso,$168.30,10
Liso,$271.00,1000
Liso,$537.75,20
Liso,$217.14,50
Combinado,$165.55,100
Liso,$323.00,100
Combinado,$303.00,1000
Liso,$211.00,1000
Liso,$200.00,200
Liso,$164.05,300
Liso,$195.00,100
Liso,$401.00,1000
Liso,$295.00,30
Geometrico,$410.00,50
Liso,$467.00,10
Geometrico,$346.00,1000
Geometrico,$181.00,50
Geometrico,$158.00,1000
Combinado,$284.00,100
Geometrico,$388.36,300
Floral,$212.00,60
Liso,$481.00,50
Liso,$164.00,100
Liso,$228.00,30
Liso,$321.00,10
Liso,$403.00,50
Liso,$530.00,50
Geometrico,$286.40,90
Liso,$647.70,1000
Liso,$253.00,30
Liso,$299.00,1000
Liso,$441.00,30
Liso,$265.50,300
Liso,$349.00,20
Liso,$381.00,10
Liso,$402.05,100
Generico,$241.00,60
Liso,$167.72,10
Generico,$408.00,50
Geometrico,$295.65,800
Liso,$366.00,30
Liso,$268.64,200
Liso,$217.60,70
Liso,$129.36,26
Liso,$316.00,60
Liso,$344.00,1000
Liso,$267.20,30
Liso,$631.00,1000
Liso,$201.48,500
Combinado,$399.00,100
Liso,$272.00,1000
Liso,$190.00,60
Floral,$151.11,74
Liso,$421.00,10
Liso,$126.00,300
Liso,$385.00,1000
Liso,$778.00,60
Combinado,$259.00,60
Liso,$490.00,200
Liso,$416.50,30
Liso,$186.00,200
Geometrico,$221.85,1000
Floral,$762.00,90
Liso,$381.00,200
Combinado,$191.00,40
Liso,$251.00,30
Liso,$390.00,1000
Floral,$264.00,1000
Liso,$230.00,10
Liso,$387.00,1000
Liso,$147.84,1000
Liso,$236.00,70
Liso,$514.25,40
Liso,$155.00,80
Generico,$402.00,70
Liso,$729.00,10
Floral,$248.71,10
Generico,$302.00,30
Geometrico,$396.00,1000
Combinado,$471.00,1000
Liso,$159.87,22
Floral,$252.00,40
Floral,$277.95,60
Liso,$439.67,20
Floral,$619.00,10
Geometrico,$227.00,50
Geometrico,$240.00,200
Floral,$724.00,100
Generico,$499.00,100
Liso,$379.00,80
Liso,$193.00,60
Liso,$202.00,100
Liso,$184.00,10
Floral,$206.40,40
Geometrico,$154.00,50
Floral,$360.00,40
Liso,$260.00,60
Floral,$166.00,1000
Liso,$457.00,10
Generico,$217.00,70
Combinado,$289.85,100
Geometrico,$257.00,1000
Floral,$333.00,50
Liso,$180.00,30
Geometrico,$293.00,1000
Generico,$432.00,10
Liso,$93.79,80
Liso,$279.00,1000
Generico,$212.00,50
Floral,$384.00,1000
Liso,$451.00,10
Floral,$309.54,80
Combinado,$232.00,50
Floral,$209.51,100
Floral,$215.00,30
Geometrico,$243.00,100
Floral,$214.00,1000
Generico,$463.00,70
Floral,$229.00,30
Combinado,$386.75,1000
Liso,$197.00,30
Liso,$297.00,1000
Floral,$323.00,1000
Liso,$204.00,60
Generico,$437.25,300
Combinado,$270.00,200
Liso,$408.00,1000
Floral,$189.42,90
Liso,$547.00,10
Generico,$372.00,10
Liso,$222.00,50
Liso,$215.00,50
Floral,$258.00,50
Geometrico,$187.00,20
Floral,$440.00,30
Liso,$182.00,20
Geometrico,$232.00,20
Floral,$265.00,40
Liso,$261.00,20
Floral,$262.00,10
Geometrico,$232.00,100
Generico,$615.00,10
Geometrico,$379.00,1000
Liso,$275.00,300
Geometrico,$252.00,10
Floral,$233.00,80
Liso,$353.00,1000
Liso,$313.00,70
Liso,$255.20,300
Generico,$347.48,10
Floral,$189.00,100
Liso,$315.00,1000
Combinado,$631.00,20
Combinado,$315.00,1000
Generico,$338.00,100
Liso,$204.00,60
Floral,$639.00,60
Liso,$187.20,100
Liso,$159.98,1000
Liso,$343.00,1000
Floral,"$1,029.00",1000
Floral,$317.00,1000
Liso,$258.00,1000
Combinado,$366.00,50
Liso,$606.00,20
Generico,$625.00,60
Combinado,$175.00,100
Combinado,$351.00,20
Floral,$221.00,40
Floral,$238.00,10
Liso,$270.00,20
Combinado,$213.00,80
Liso,$357.00,40
Liso,$395.00,1000
Floral,$249.66,100
Liso,$228.80,90
Geometrico,$238.00,100
Liso,$313.00,10
Liso,$176.00,1000
Floral,$92.00,1000
Generico,$257.00,100
Liso,$247.00,70
Floral,$462.82,200
Geometrico,$503.00,40
Floral,$172.28,35
Floral,$599.00,100
Floral,$404.00,10
Liso,$361.13,80
Combinado,$651.20,20
Liso,$223.00,1000
Generico,$294.00,60
Liso,$673.00,1000
Combinado,$174.00,1000
Combinado,$225.00,20
Floral,$239.00,1000
Combinado,$225.00,10
Geometrico,$254.00,1000
Floral,$231.00,20
Liso,$200.00,100
Liso,$177.00,80
Floral,$305.00,1000
Liso,$412.00,30
Geometrico,$79.20,1000
Liso,$250.00,10
Liso,$309.00,1000
Floral,$167.00,1000
Liso,$213.00,100
Generico,$268.00,300
Generico,$529.00,90
Liso,$191.20,60
Geometrico,$193.60,1000
Floral,$225.00,200
Floral,$285.00,1000
Floral,$255.50,20
Liso,$244.00,50
Liso,$202.00,70
Generico,$242.00,1000
Liso,$337.50,100
Combinado,$174.00,100
Liso,$284.90,1000
Combinado,$590.00,1000
Combinado,$213.00,100
Generico,$571.00,200
Floral,$395.00,1000
Floral,$249.00,40
Liso,$600.00,30
Liso,$232.00,200
Geometrico,$312.00,200
Geometrico,$291.00,70
Floral,$180.00,100
Generico,$373.00,60
Liso,$442.00,1000
Liso,$543.00,1000
Liso,$358.00,1000
Liso,$302.61,40
Liso,$229.60,100
Floral,$387.00,1000
Floral,$300.00,300
Liso,$255.00,20
Floral,$169.15,100
Liso,$404.00,30
Combinado,$187.00,100
Floral,$253.00,1000
Liso,$197.00,50
Geometrico,$214.00,10
Liso,$303.00,1000
Generico,$437.00,30
Floral,$186.00,100
Floral,$213.60,50
Liso,$720.00,1000
Liso,$246.00,400
Liso,$375.00,30
Liso,$247.00,10
Liso,$349.00,70
Floral,$338.00,1000
Liso,$438.00,1000
Liso,$197.00,1000
Liso,$424.00,80
Floral,$319.00,20
Floral,$544.00,30
Liso,$254.00,100
Liso,$204.00,100
Liso,"$1,050.00",1000
Liso,$661.43,70
Liso,$514.00,1000
Combinado,$236.25,30
Liso,$359.00,1000
Liso,$286.00,50
Liso,$158.00,90
Liso,$509.00,80
Liso,$201.60,10
Floral,$205.60,100
Geometrico,$341.00,1000
Floral,$641.00,10
Geometrico,$275.00,50
Geometrico,$390.00,1000
Liso,$255.00,20
Liso,$440.00,20
Generico,$270.00,10
Liso,$179.00,40
Liso,$167.00,1000
Floral,$392.00,20
Liso,$165.00,200
Liso,$434.00,100
Liso,$259.00,10
Liso,$172.55,90
Liso,$206.00,20
Liso,$342.00,60
Liso,$337.00,10
Floral,$184.87,20
Liso,$322.00,50
Floral,$210.40,800
Liso,$283.00,1000
Liso,$378.07,40
Liso,$304.00,70
Liso,$279.51,20
Geometrico,$252.00,20
Liso,$331.00,10
Liso,$200.02,80
Liso,$240.81,10
Liso,$226.00,10
Liso,$253.00,100
Floral,$176.00,1000
Floral,$704.00,1000
Geometrico,$398.00,1000
Liso,$148.80,100
Geometrico,$282.59,100
Liso,$243.00,300
Combinado,$248.20,80
Liso,$389.09,10
Liso,$237.93,400
Geometrico,$198.00,900
Generico,$319.00,10
Liso,$284.00,1000
Liso,$278.00,1000
Liso,$280.00,80
Liso,$204.00,1000
Liso,$281.00,1000
Liso,$377.00,20
Liso,$205.00,30
Combinado,$389.00,30
Floral,$326.00,1000
Liso,$183.00,40
Liso,$213.89,40
Liso,$327.00,1000
Liso,$241.00,10
Combinado,$274.00,20
Liso,$557.00,1000
Liso,$324.00,10
Liso,$421.00,80
Generico,$278.00,1000
Liso,$241.00,70
Liso,$329.00,30
Liso,$244.50,30
Generico,$276.67,40
Floral,$419.00,1000
Geometrico,$357.00,1000
Liso,$270.30,1000
Liso,$612.00,60
Liso,$317.00,1000
Floral,$945.00,1000
Floral,$247.00,1000
Liso,$331.10,100
Liso,$279.65,10
Combinado,$248.00,40
Liso,$520.00,1000
Liso,$186.00,100
Floral,$566.00,1000
Liso,$416.00,80
Geometrico,$211.75,40
Combinado,$193.00,400
Floral,$147.84,20
Floral,$175.00,10
Liso,$269.99,10
Liso,$399.00,10
Combinado,$272.00,10
Geometrico,$251.20,30
Liso,$357.00,40
Liso,$301.00,60
Generico,$247.20,60
Floral,$349.00,20
Liso,$156.00,100
Floral,$235.50,200
Floral,$316.00,30
Liso,$253.00,20
Floral,$214.00,1000
Geometrico,$581.00,1000
Combinado,$235.00,60
Liso,$314.16,50
Liso,$279.00,50
Floral,$324.94,100
Liso,$257.18,10
Generico,$174.00,100
Combinado,$316.00,1000
Liso,$387.00,50
Combinado,$157.00,300
Floral,$262.00,10
Liso,$232.00,60
Liso,$513.00,1000
Liso,$421.00,90
Combinado,$231.00,1000
Geometrico,$454.00,1000
Generico,$291.00,20
Floral,$830.45,20
Geometrico,$322.00,1000
Generico,$582.00,80
Floral,$322.00,20
Liso,$304.00,10
Generico,$492.00,20
Liso,$233.00,1000
Liso,$178.00,30
Combinado,$224.07,1000
Geometrico,$239.00,40
Geometrico,$194.00,200
Liso,$332.00,200
Liso,$307.00,30
Liso,$242.36,30
Floral,$463.00,40
Liso,$329.00,10
Geometrico,$383.00,1000
Geometrico,$294.00,10
Combinado,$722.00,30
Geometrico,$357.00,10
Liso,$189.00,1000
Liso,$156.00,800
Geometrico,$224.00,10
Generico,$211.00,80
Floral,$501.00,1000
Liso,$263.00,1000
Floral,$381.00,1000
Geometrico,$218.45,100
Floral,$381.00,50
Liso,$797.00,20
Liso,$273.00,10
Floral,$218.00,100
Liso,$242.36,1000
Combinado,$143.00,1000
Geometrico,$310.00,10
Generico,$197.00,1000
Generico,$175.00,100
Liso,$312.00,10
Floral,$169.40,20
Combinado,$394.00,10
Combinado,$308.00,1000
Floral,$111.00,20
Floral,$252.00,10
Floral,$292.00,20
Geometrico,$302.00,100
Geometrico,$395.00,10
Geometrico,$207.00,30
Liso,$289.50,1000
Floral,$341.00,30
Floral,$190.00,300
Combinado,$216.00,100
Geometrico,$447.00,50
Floral,$211.00,40
Liso,$183.00,50
Generico,$256.00,1000
Floral,$296.00,1000
Liso,$160.00,1000
Liso,$117.00,20
Liso,$236.00,1000
Liso,$303.00,10
Liso,$368.90,10
Combinado,$390.15,10
Floral,$703.00,1000
Floral,$210.00,1000
Liso,$234.00,60
Liso,$187.00,1000
Combinado,$191.00,100
Liso,$168.00,100
Floral,$241.00,40
Geometrico,$226.00,100
Geometrico,$81.00,200
Floral,$388.00,90
Liso,$215.00,100
Liso,$228.00,1000
Liso,$289.00,20
Combinado,$613.64,1000
Combinado,$455.00,10
Generico,$164.78,100
Liso,$289.00,20
Combinado,$321.86,10
Liso,$286.00,20
Floral,$251.00,10
Liso,$302.00,100
Liso,$209.00,10
Liso,$258.40,50
Liso,$331.00,40
Floral,$368.00,20
Liso,$274.00,1000
Floral,$162.00,100
Liso,$361.00,1000
Combinado,$232.05,10
Liso,$249.00,1000
Floral,$221.00,80
Generico,$414.00,1000
Liso,$221.00,1000
Liso,$245.00,90
Floral,$276.00,10
Generico,$283.00,1000
Liso,$376.00,1000
Floral,$306.00,20
Floral,$185.00,40
Liso,$332.00,1000
Combinado,$374.40,200
Floral,$422.00,30
Generico,$395.00,1000
Geometrico,$276.00,50
Liso,$357.00,1000
Generico,$348.00,50
Floral,$253.00,200
Floral,$343.00,60
Liso,$261.00,10
Combinado,$260.26,1000
Liso,$378.00,1000
Liso,$176.00,1000
Liso,$271.00,50
Liso,$316.00,1000
Generico,$271.00,30
Liso,$175.80,10
Floral,$463.00,1000
Liso,$288.80,30
Liso,$432.74,90
Geometrico,$223.80,10
Floral,$169.15,70
Liso,$342.00,1000
Floral,$224.00,30
Geometrico,$343.20,80
Liso,$176.00,100
Liso,$245.00,10
Combinado,$259.00,20
Floral,$385.00,60
Combinado,$327.00,1000
Floral,$221.00,10
Liso,$112.00,1000
Liso,$238.00,200
Combinado,$820.00,10
Liso,$230.00,10
Floral,$584.00,1000
Floral,$265.00,100
Floral,$204.00,200
Floral,$306.00,1000
Liso,$317.00,30
Geometrico,$560.00,1000
Liso,$332.40,1000
Combinado,$279.00,70
Liso,$280.00,1000
Floral,$285.00,1000
Floral,$250.00,30
Floral,$357.00,20
Generico,$299.00,100
Combinado,$466.00,60
Liso,$256.00,20
Floral,$390.00,1000
Liso,$581.00,20
Liso,$640.00,1000
Liso,$272.00,100
Liso,$294.00,1000
Liso,$497.00,20
Liso,$176.00,1000
Liso,$196.35,30
Generico,$227.00,70
Liso,$299.00,30
Combinado,$157.00,1000
Liso,$300.76,40
Combinado,$367.00,20
Floral,$210.00,1000
Floral,$290.00,1000
Combinado,$315.00,1000
Floral,$229.00,20
Liso,$427.00,10
Liso,$308.00,1000
Generico,$360.00,1000
Floral,$332.00,100
Liso,$613.00,1000
Liso,$746.10,40
Liso,$228.00,40
Combinado,$179.55,1000
Geometrico,$157.00,200
Generico,$354.00,1000
Liso,$282.00,20
Floral,$502.00,1000
Combinado,$289.00,300
Floral,$198.00,20
Combinado,$312.80,20
Liso,$259.00,50
Generico,$220.00,30
Liso,$396.00,30
Geometrico,$270.00,30
Combinado,$214.83,300
Combinado,$486.00,40
Generico,$270.00,200
Combinado,$339.00,30
Liso,$389.62,40
Liso,$403.00,100
Liso,$333.00,1000
Liso,$696.00,1000
Floral,$203.00,40
Floral,$287.00,1000
Floral,$292.00,50
Combinado,$362.00,50
Liso,$313.39,10
Liso,$301.00,1000
Floral,$132.00,90
Floral,$642.00,1000
Liso,$332.00,1000
Generico,$267.00,80
Liso,$314.00,10
Liso,$316.00,200
Combinado,$455.00,40
Liso,$246.50,10
Liso,$272.00,60
Liso,$174.00,20
Liso,$713.00,1000
Floral,$675.00,1000
Floral,$309.00,80
Liso,$220.00,1000
Liso,$172.00,1000
Floral,$344.00,10
Geometrico,$271.00,70
Liso,$410.00,100
Liso,$310.00,80
Liso,$196.00,40
Floral,$110.11,40
Liso,$735.00,1000
Liso,$295.00,30
Liso,$337.99,50
Liso,$253.31,12
Liso,$99.75,20
Liso,$209.00,30
Liso,$396.00,20
Liso,$323.40,30
Liso,$308.00,10
Generico,$223.00,100
Floral,$224.00,200
Floral,$170.40,300
Combinado,$468.00,1000
Combinado,$319.00,1000
Liso,$269.00,10
Combinado,$238.00,1000
Liso,$461.00,1000
Liso,$460.00,100
Liso,$388.08,20
Generico,$222.00,100
Generico,$393.75,40
Generico,$218.00,80
Floral,$220.00,30
Liso,$349.00,30
Geometrico,$278.00,1000
Liso,$234.00,40
Liso,$243.00,1000
Floral,$186.00,1000
Liso,$575.10,50
Floral,$210.00,1000
Combinado,$702.00,1000
Generico,$816.00,1000
Liso,$530.00,1000
Liso,$164.00,10
Liso,$301.00,1000
Floral,$175.00,10
Liso,$186.00,10
Liso,$486.00,1000
Liso,$190.00,20
Floral,$448.00,1000
Liso,$266.00,20
Floral,$184.00,10
Liso,$239.00,1000
Liso,$306.00,1000
Floral,$798.00,1000
Liso,$337.00,90
Liso,$840.00,70
Combinado,$229.00,50
Combinado,$662.00,1000
Generico,$190.96,60
Liso,$442.80,100
Liso,$386.00,30
Geometrico,$220.00,60
Liso,$264.47,10
Liso,$195.00,50
Floral,$382.20,1000
Geometrico,$233.00,1000
Floral,$428.00,1000
Combinado,$334.00,1000
Liso,$283.00,1000
Liso,$158.00,200
Combinado,$234.00,80
Liso,$547.50,60
Combinado,$330.00,80
Floral,$430.50,1000
Liso,$344.00,1000
Generico,$407.00,1000
Floral,$550.00,40
Geometrico,$732.00,1000
Liso,$219.30,1000
Geometrico,$174.00,100
Liso,$337.00,1000
Geometrico,$176.00,200
Liso,$271.00,10
Liso,$130.13,100
Floral,$503.00,1000
Liso,$421.00,10
Liso,$201.60,300
Floral,$422.00,40
Liso,$508.97,1000
Floral,$322.00,1000
Liso,$312.00,1000
Liso,$402.00,1000
Liso,$220.00,80
Generico,$476.00,20
Liso,$327.00,30
Floral,$196.00,1000
Floral,$274.00,1000
Floral,$464.00,1000
Generico,$282.00,30
Liso,$309.00,30
Liso,$231.00,1000
Floral,$308.00,1000
Floral,$254.00,1000
Combinado,$324.00,30
Floral,$171.00,50
Liso,$283.00,1000
Liso,$220.00,20
Floral,$253.00,400
Combinado,$364.00,1000
Liso,$788.00,20
Floral,$166.00,1000
Combinado,$220.00,1000
Liso,$658.00,1000
Liso,$197.16,10
Liso,$132.00,50
Liso,$285.12,10
Generico,$231.77,60
Generico,$424.00,1000
Floral,$282.00,1000
Liso,$337.00,1000
Geometrico,$228.80,80
Liso,$350.00,30
Liso,$320.00,20
Floral,$440.00,1000
Liso,$235.00,10
Floral,$307.00,30
Liso,$174.00,90
Floral,$193.00,100
Combinado,$336.49,30
Liso,$218.00,1000
Combinado,$264.00,10
Combinado,$681.00,1000
Liso,$270.00,1000
Liso,$164.01,10
Floral,$189.00,10
Liso,$192.00,30
Floral,$699.55,10
Liso,$369.00,1000
Combinado,$277.00,50
Liso,$147.00,50
Liso,$176.00,1000
Liso,$205.00,1000
Liso,$133.57,1000
Liso,$328.10,90
Generico,$304.00,1000
Geometrico,$304.30,1000
Liso,$438.30,30
Liso,$357.00,10
Liso,$107.80,400
Liso,$262.00,30
Geometrico,$312.00,10
Floral,$230.00,1000
Liso,$306.00,1000
Liso,$460.00,1000
Geometrico,$567.00,1000
Liso,$312.00,1000
Liso,$295.00,30
Liso,$363.00,10
Generico,$459.00,1000
Floral,$171.00,100
Liso,$298.00,1000
Liso,$227.00,10
Liso,$139.00,50
Floral,$185.00,1000
Liso,$293.00,70
Liso,$159.00,80
Floral,$286.00,1000
Floral,$302.61,40
Liso,$264.00,100
Liso,$220.15,100
Liso,$303.00,10
Liso,$241.40,40
Liso,$188.00,10
Liso,$328.00,20
Floral,$224.00,10
Liso,$250.00,10
Floral,$171.00,40
Liso,$324.00,50
Generico,$312.00,10
Combinado,$196.00,70
Geometrico,$218.25,1000
Liso,$281.00,10
Liso,$215.00,1000
Floral,$234.00,20
Liso,$567.00,1000
Liso,$330.00,1000
Geometrico,$176.00,20
Liso,$162.00,30
Liso,$382.00,1000
Floral,$207.00,10
Floral,$390.00,1000
Liso,$990.00,1000
Geometrico,$264.00,10
Liso,$362.00,1000
Geometrico,$189.99,1000
Liso,$162.40,75
Liso,$354.00,1000
Geometrico,$384.00,10
Liso,$646.85,1000
Floral,$141.90,1000
Floral,$371.00,1000
Liso,$696.15,1000
Generico,$461.00,70
Liso,$552.00,1000
Liso,$229.20,1000
Geometrico,$278.80,1000
Liso,$286.00,1000
Liso,$149.00,1000
Liso,$209.60,100
Liso,$370.00,1000
Floral,$201.00,20
Generico,$289.00,1000
Geometrico,$257.00,40
Floral,$754.00,1000
Liso,$200.00,1000
Generico,$166.00,30
Floral,$276.00,1000
Liso,$231.00,1000
Combinado,$435.00,20
Liso,$236.00,1000
Floral,$287.00,1000
Liso,$236.40,1000
Liso,$203.00,40
Liso,$729.00,1000
Geometrico,$410.00,20
Geometrico,$321.00,1000
Liso,$296.00,10
Liso,$250.40,20
Liso,$413.00,1000
Liso,$204.60,20
Liso,$384.00,1000
Floral,$144.00,20
Generico,$232.00,40
Liso,$661.00,1000
Floral,$245.63,10
Liso,$233.00,50
Liso,$264.00,1000
Liso,$230.00,40
Liso,$159.00,200
Floral,$427.00,1000
Combinado,$259.00,10
Liso,$228.00,1000
Floral,$181.00,20
Floral,$189.00,80
Liso,$99.54,20
Generico,$218.00,20
Floral,$263.00,1000
Liso,$367.00,20
Combinado,$197.20,1000
Floral,$595.85,10
Liso,$252.00,20
Floral,$357.00,1000
Combinado,$244.00,1000
Liso,$281.00,1000
Floral,$288.75,70
Liso,$136.00,40
Liso,$253.00,70
Liso,$379.00,1000
Floral,$364.00,1000
Liso,$401.00,1000
Liso,$460.00,1000
Liso,$420.00,1000
Geometrico,$157.00,10
Floral,$200.00,1000
Combinado,$336.00,1000
Floral,$261.80,10
Floral,$627.00,1000
Liso,$185.00,1000
Liso,$324.00,30
Generico,$266.00,1000
Combinado,$312.00,20
Liso,$270.00,1000
Floral,$444.00,1000
Floral,$213.00,20
Floral,$286.00,1000
Generico,$274.00,1000
Generico,$300.00,1000
Liso,$370.00,1000
Liso,$329.00,1000
Floral,$408.00,1000
Floral,$385.00,20
Liso,$189.00,30
Floral,$524.00,1000
Combinado,$221.00,1000
Floral,$246.00,10
Liso,$145.00,90
Liso,$306.00,1000
Geometrico,$216.00,1000
Floral,$135.00,100
Combinado,$308.55,1000
Floral,$631.00,1000
Generico,$346.00,1000
Liso,$294.00,1000
Generico,$254.00,20
Liso,$283.00,30
Liso,$206.00,40
Generico,$149.00,20
Liso,$171.00,1000
Liso,$292.80,1000
Liso,$679.00,20
Liso,$358.00,10
Liso,$945.00,1000
Liso,$252.00,40
Liso,$179.25,40
Liso,$323.00,30
Liso,$360.00,100
Liso,$177.87,1000
Liso,$327.00,1000
Liso,$265.50,80
Floral,$423.00,1000
Liso,$236.00,20
Liso,$563.00,1000
Floral,$393.00,1000
Floral,$284.00,1000
Floral,$319.00,1000
Liso,$226.00,10
Floral,$459.00,1000
Liso,$549.00,1000
Combinado,$159.00,1000
Liso,$391.00,1000
Liso,$380.00,1000
Liso,$264.00,1000
Geometrico,$248.00,1000
Liso,$170.00,60
Floral,$261.00,1000
Liso,$257.00,10
Liso,$424.00,20
Liso,$318.01,20
Combinado,$156.00,10
Generico,$260.00,50
Floral,$249.00,50
Liso,$416.00,10
Floral,$312.80,1000
Geometrico,$99.99,1000
Liso,$193.00,1000
Generico,$145.00,1000
Combinado,$169.00,90
Liso,$604.00,1000
Liso,$226.40,80
Floral,"$1,050.00",1000
Liso,$450.00,1000
Liso,$320.00,1000
Liso,"$1,050.00",1000
Liso,$303.00,1000
Liso,$467.00,1000
Floral,$356.00,1000
Liso,$471.00,1000
Geometrico,$388.00,1000
Generico,$428.00,1000
Liso,$735.00,1000
Liso,$217.00,30
Floral,$519.00,1000
Combinado,$858.00,1000
Liso,$945.00,1000
Liso,$423.00,1000
Liso,$624.00,1000
Generico,$515.00,1000
Liso,$510.00,1000
Liso,$500.00,70
Liso,$211.00,1000
Liso,"$1,029.00",1000
Floral,$205.00,1000
Liso,$789.00,1000
Liso,$410.00,1000
Liso,$359.00,1000
Liso,$374.00,1000
Liso,$316.00,1000
Liso,$363.00,1000
Floral,$318.78,400
Floral,$223.00,1000
Liso,$428.00,1000
Liso,$456.00,1000
Liso,$478.00,1000
Liso,$687.00,1000
Liso,$562.00,1000
Liso,$363.00,1000
Liso,$630.00,1000
Floral,$349.00,1000
Liso,$352.00,1000
Geometrico,$549.00,1000
Liso,$585.00,1000
Liso,"$1,155.00",1000
Floral,$198.00,1000
Liso,$528.00,1000
Liso,$275.00,100
Liso,$271.00,1000
Liso,$500.00,1000
Liso,$368.00,1000
Liso,$188.65,30
Generico,$488.00,1000
Generico,$958.00,1000
Floral,$257.00,30
Liso,$471.00,1000
Liso,$424.00,1000
Liso,$250.00,50
Generico,$389.00,1000
Liso,$295.00,600
Liso,$486.00,10
Geometrico,$409.00,1000
Geometrico,$279.00,40
Floral,$287.00,1000
Liso,$272.00,1000
Combinado,$242.25,200
Floral,$130.00,70
Geometrico,$599.00,1000
Floral,$444.00,1000
Floral,$210.00,1000
Liso,$193.00,70
Liso,$244.00,1000
Liso,$198.00,1000
Liso,$206.00,1000
Floral,$350.00,1000
Combinado,$251.00,1000
Liso,$352.00,1000
Liso,$221.00,1000
Floral,$574.00,1000
Liso,$206.40,500
Liso,$436.00,1000
Liso,$278.74,200
Liso,$326.00,1000
Liso,$398.00,1000
Generico,$268.00,10
Liso,$231.00,80
Liso,$187.00,20
Liso,$274.00,1000
Liso,$264.26,200
Floral,$153.00,100
Liso,$397.00,1000
Liso,$343.00,1000
Liso,$255.00,1000
Liso,$175.00,20
Liso,$181.00,40
Combinado,$175.00,1000
Liso,$142.45,30
Liso,$983.00,20
Generico,$134.00,1000
Geometrico,$957.00,10
Liso,$334.00,1000
Liso,$245.00,1000
Liso,$173.00,1000
Floral,$212.52,1000
Liso,$231.00,1000
Floral,$176.16,1000
Liso,$420.00,1000
Floral,$187.00,1000
Liso,$193.00,1000
Combinado,$233.00,1000
Liso,$315.00,1000
Floral,$436.00,1000
Liso,$499.00,1000
Liso,$399.00,1000
Liso,$680.00,1000
Generico,$222.00,1000
Liso,$176.00,1000
Liso,$210.00,1000
Liso,$248.00,1000
Geometrico,$369.00,1000
Generico,$242.00,1000
Liso,$746.00,10
Floral,$428.00,1000
Floral,$250.00,1000
Liso,$245.00,1000
Liso,$149.00,1000
Liso,$210.24,1000
Liso,$377.00,1000
Liso,$249.00,1000
Floral,$224.00,1000
Liso,$299.00,1000
Liso,$382.00,1000
Liso,$192.00,1000
Floral,$253.00,1000
Floral,$355.00,1000
Liso,$493.00,1000
Liso,$259.00,10
Floral,$455.00,1000
Liso,$319.00,1000
Liso,$792.20,30
Geometrico,$216.37,100
Generico,$245.00,20
Geometrico,$300.00,100
Liso,$336.00,1000
Liso,$478.00,1000
Floral,$435.00,1000
Liso,$294.00,1000
Liso,$233.00,1000
Combinado,$754.00,20
Liso,$349.00,1000
Floral,$680.00,60
Floral,$345.73,10
Liso,$563.00,10
Liso,$395.00,1000
Liso,$578.00,1000
Floral,$242.00,200
Liso,$264.60,1000
Geometrico,$186.00,10
Liso,$886.00,1000
Liso,$401.00,1000
Liso,$417.00,1000
Floral,$499.00,1000
Floral,$361.00,1000
Liso,$872.00,10
Geometrico,$745.00,1000
Generico,$574.00,1000
Generico,$300.60,1000
Liso,$410.00,1000
Floral,$478.00,1000
Liso,$704.00,1000
Floral,$926.00,1000
Liso,$876.00,1000
Floral,"$1,075.00",1000
Liso,$850.00,1000
Floral,$372.00,1000
Floral,$377.00,1000
Liso,$180.00,60
Liso,$872.00,1000
Floral,$629.00,1000
Floral,$154.00,1000
Floral,$425.00,1000
Geometrico,$413.00,1000
Geometrico,$451.00,1000
Liso,$428.00,1000
Liso,$162.00,1000
Liso,$187.00,60
Floral,$677.00,1000
Floral,$383.00,1000
Liso,$276.00,1000
Liso,$308.00,1000
Generico,$559.00,1000
Liso,$299.00,1000
Combinado,$646.00,1000
Liso,$316.00,1000
Liso,$417.00,1000
Liso,$352.00,1000
Liso,$692.00,1000
Floral,$293.00,1000
Combinado,$228.00,100
Generico,$334.00,1000
Liso,$164.00,1000
Floral,$322.00,1000
Liso,$515.00,1000
Floral,"$1,254.00",1000
Geometrico,$315.00,1000
Generico,$660.00,1000
Liso,$479.00,1000
Floral,$293.00,1000
Liso,$263.00,1000
Liso,$302.00,1000
Liso,$429.00,1000
Liso,$262.00,1000
Generico,$544.00,1000
Liso,$319.00,1000
Liso,$389.00,1000
Floral,$237.64,1000
Liso,$143.00,1000
Geometrico,$436.00,1000
Combinado,$449.00,1000
Liso,$409.00,1000
Combinado,$183.00,1000
Liso,$342.00,1000
Geometrico,$341.00,1000
Liso,$359.40,1000
Floral,$415.00,1000
Floral,$551.00,500
Generico,$330.00,1000
Liso,$228.00,30
Combinado,$195.00,1000
Liso,$490.00,1000
Floral,$264.00,1000
Liso,$229.00,1000
Floral,$244.00,1000
Liso,$106.86,10
Generico,$728.00,1000
Liso,$286.89,10
Liso,$244.80,1000
Liso,$317.00,1000
Floral,$236.00,1000
Floral,$216.00,1000
Floral,$588.00,1000
Floral,$420.00,1000
Liso,$276.00,100
Liso,$312.00,1000
Floral,$302.00,1000
Combinado,$262.80,1000
Liso,$376.00,1000
Floral,$337.00,1000
Liso,$512.00,1000
Floral,$153.00,90
Floral,$193.00,1000
Combinado,$274.00,1000
Geometrico,$400.00,1000
Floral,$443.00,1000
Generico,$154.00,1000
Liso,$130.00,30
Liso,$473.00,1000
Floral,$277.00,1000
Generico,$441.00,1000
Liso,$169.00,30
Liso,$429.00,1000
Floral,$326.00,1000
Liso,$288.00,1000
Liso,$963.60,1000
Geometrico,$660.00,1000
Liso,$162.79,700
Combinado,$678.00,1000
Floral,$812.00,1000
Liso,$829.00,1000
Geometrico,$355.00,1000
Liso,$924.00,1000
Combinado,$982.00,1000
Floral,$178.00,1000
Combinado,$784.00,1000
Geometrico,$605.00,1000
Liso,$220.00,1000
Combinado,$396.00,1000
Liso,"$1,056.00",1000
Liso,$235.00,30
Liso,$277.20,1000
Liso,$508.00,1000
Liso,$624.00,1000
Liso,$737.00,1000
Floral,$114.00,1000
Liso,$880.00,1000
Geometrico,$429.00,1000
Liso,$292.32,1000
Liso,$286.00,1000
Liso,$522.00,30
Floral,$228.00,10
Floral,$698.00,10
Floral,"$1,085.00",10
Liso,$779.00,1000
Liso,$588.00,1000
Liso,$139.00,1000
Floral,$360.00,10
Geometrico,$277.00,1000
Liso,$187.00,50
Liso,$226.00,10
Liso,$354.00,1000
Combinado,$549.00,1000
Floral,$304.00,70
Floral,$375.00,300
Floral,$252.00,100
Floral,$184.00,1000
Floral,$319.00,1000
Liso,$563.00,1000
Liso,$470.00,1000
Liso,$403.00,1000
Floral,$120.00,1000
Liso,$252.45,70
Liso,$287.00,1000
Liso,$198.66,1000
Floral,$182.00,1000
Liso,$586.00,1000
Floral,$336.00,1000
Liso,$320.00,1000
Liso,$312.80,1000
Geometrico,$417.60,90
Liso,$203.20,60
Generico,$319.00,1000
Liso,$419.00,1000
Combinado,$282.00,1000
Floral,$385.00,1000
Generico,$304.00,1000
Liso,$264.00,1000
Geometrico,$163.00,1000
Floral,$365.00,1000
Liso,$192.00,1000
Floral,$425.00,1000
Liso,$248.00,1000
Liso,$160.00,1000
Liso,$336.00,1000
Combinado,$235.00,1000
Generico,$385.00,40
Geometrico,$275.08,1000
Floral,$269.00,100
Liso,$972.00,1000
Liso,$507.00,1000
Liso,$501.00,1000
Liso,$551.00,1000
Liso,$325.00,1000
Liso,$271.00,1000
Liso,$182.40,90
Combinado,$534.00,1000
Liso,$559.00,1000
Liso,$266.00,10
Liso,$411.00,1000
Floral,$614.00,1000
Floral,$225.00,30
Liso,$228.00,1000
Floral,$199.00,100
Floral,$456.00,1000
Liso,$143.00,1000
Liso,$249.48,100
Geometrico,$297.84,500
Floral,$408.00,1000
Floral,$417.00,10
Liso,$180.00,10
Floral,$231.00,30
Floral,$175.00,10
Floral,$470.00,20
Geometrico,$457.00,20
Liso,$140.91,19
Floral,$678.00,20
Liso,$267.91,23
Combinado,"$1,069.00",600
Floral,$182.40,100
Liso,$383.35,10
Liso,$203.00,200
Liso,$201.48,800